origin,sample,label
UIC的办学性质是什么？,UIC的业务性质是什么？,1
学校现在有多少在校生？,目前有多少学生在学校就读？,1
北师港浸大的全称是什么？,北师大香港浸会大学的全称是什么？,1
简单介绍一下UIC,UIC的简要介绍,1
UIC办学定位是什么？,UIC的定位是什么？,1
UIC的专业有什么？,UIC的专业有哪些？,1
UIC的教学质量怎么保证？,UIC的教学质量是如何保证的？,1
可否转专业？,我可以改变我的专业吗？,1
怎么转专业?,如何改变我的专业？,1
依据大类专业入读的学生，将如何分流？,UIC如何根据学生的专业录取他们？,0
UIC统招本科生颁发何种毕业证书？,UIC的本科生获得什么样的毕业证书？,1
UIC颁发的香港浸会大学的学士学位证为什么有“荣誉”二字？,"为什么UIC颁发的香港浸会大学学士学位上有 ""荣誉 ""二字？",1
UIC的教育模式是怎样的？,UIC的教育模式是什么？,1
博雅教育是什么？,什么是通识教育？,0
UIC的副修课程有什么？,UIC的辅修课程有哪些？,1
工商管理学部的副修课程有什么？,工商管理系的辅修课程有哪些？,1
人文与社会科学学部的副修课程有什么？,人文与社会科学系的辅修课程有哪些？,1
理工科技学部的副修课程有什么？,科学、工程和技术系的辅修课程有哪些？,0
文化与创意学部的副修课程有什么？,文化与创意研究系的辅修课程有哪些？,1
国际化教育是什么？,什么是国际教育？,1
简要介绍一下英文教学,简要介绍一下英语教育,1
简要介绍一下国际化课程,什么是国际化的课程？,1
全人教育是什么？,什么是全人教育？,1
四维教育是什么？,什么是四维教育？,1
学校毕业生的深造就业情况如何？,学校毕业生的升学和就业情况如何？,1
苑舍的情况怎么样?,校园的情况如何？,0
学校有什么课余活动?,学校有什么样的课余活动？,1
学校对大一新生提供哪些辅导及个人成长帮助?,学校为新生提供什么样的心理辅导和个人成长帮助？,1
什么是导师关顾计划？,什么是导师关怀计划？,1
可以进行哪些出国学习？,有哪些海外学习项目？,1
本科招生热线是什么？,本科生招生热线是什么？,1
传真号码是什么？,传真号码是多少？,1
招生咨询邮箱是什么？,招生咨询的电子邮件地址是什么？,1
UIC的邮政编码是什么？,UIC的邮政编码是多少？,1
学校招生办的通讯地址是什么？,学校招生办公室的邮寄地址是什么？,1
学校官网网址是什么？,该校的网站是什么？,1
港澳台侨联招、台湾学测考生招生咨询渠道是什么？,港澳台联合招生和台湾学业考试考生的录取咨询渠道是什么？,1
国际学生本科招生在哪里咨询？,在哪里可以得到国际本科生招生的咨询？,1
授课型研究生专业咨询方式？,授课型研究生项目的咨询渠道是什么？,1
研究型硕士、博士研究生项目咨询方式？,如何咨询研究型硕士和博士项目？,1
UIC招生信息网是什么,什么是UIC的招生信息网？,1
UIC的座右铭是什么？,UIC的校训是什么？,1
UIC的数据科学课程如何？,UIC的数据科学专业怎么样？,1
如果我在UIC遇到学习问题怎么办？,在UIC学习有困难怎么办？,1
UIC的学术研究情况如何？,UIC的学术研究是怎样的？,1
UIC的招生方式是？,UIC的招生方式是什么？,1
UIC的副修课程是什么？,UIC的辅修课程有哪些？,0
UIC全人教育为学生提供了什么体验？,UIC的全人教育为学生提供了哪些体验？,1
UIC文科教育的目的？,UIC的博雅教育的目的是什么？,0
 UIC在哪些些省(市、区)招生？, UIC在哪些省（市、区）招生？,1
在全国（除广东省外）的考生，UIC的入学要求为？,UIC对全国（广东省除外）考生的录取要求是什么？,1
在全国（除广东省外）的考生，UIC的入学英语水平要求为？,UIC对全国（除广东省外）考生的英语水平有什么要求？,1
"广东省综合评价录取模式（631）是什么？
",广东省的综合评价录取模式（631）是什么？,1
广东省普通类考生的入学要求？,广东省对普通类考生的录取要求？,1
广东省综合评价录取模式报考UIC的报名资格？,综合评价录取模式在广东省录取UIC的资格？,1
广东省综合评价录取模式报考UIC的录取条件？,广东省UIC的录取要求是什么？,0
广东省综合评价录取模式报考UIC的综合成绩构成及计算方法,广东省UIC综合分的构成和计算方法是什么？,1
应届生学业水平合格性考试成绩计算例子？,应届生学业水平合格考试成绩的计算实例是什么？,1
高考改革前的往届生学业水平合格性考试成绩如何计算？,高考改革前，往届生的学业水平合格考试成绩如何计算？,1
在广东省报考UIC艺术类专业（音乐表演专业）的入学要求？,广东省UIC的艺术类专业（音乐表演专业）的录取要求是什么？,1
在福建省报考UIC艺术类专业（音乐表演专业）的入学要求？,UIC艺术类专业（音乐表演专业）在福建省的录取要求是什么？,1
在湖南省报考UIC艺术类专业（音乐表演专业）的入学要求？,UIC艺术专业（音乐表演专业）在湖南省的录取要求是什么？,1
在安徽省报考UIC艺术类专业（音乐表演专业）的入学要求？,UIC艺术专业（音乐表演专业）在安徽省的录取要求是什么？,1
在上海市报考UIC艺术类专业（音乐表演专业）的入学要求？,UIC的艺术（音乐表演）专业在上海的录取要求是什么？,1
在浙江省报考UIC艺术类专业（音乐表演专业）的入学要求？,UIC艺术项目（音乐表演）在浙江省的录取要求是什么？,1
在山东省报考UIC艺术类专业（音乐表演专业）的入学要求？,UIC艺术（音乐表演）专业在山东省的招生要求是什么？,1
贵州省考生报考工商管理类的选考科目要求？,贵州省的考生报考工商管理专业的入学条件是什么？,0
黑龙江省考生报考工商管理类的选考科目要求？,黑龙江省考生的报考条件是什么？,0
四川省考生报考工商管理类的选考科目要求？,四川省考生报考的科目要求是什么？,0
新疆考生报考工商管理类的选考科目要求？,新疆省考生的报考科目要求是什么？,0
河南省考生报考工商管理类的选考科目要求？,河南省对考生的科目要求是什么？,0
云南省考生报考工商管理类的选考科目要求？,云南省考生的科目要求是什么？,0
广西省考生报考工商管理类的选考科目要求？,广西省考生报考工商管理专业的科目要求是什么？,1
安徽省考生报考工商管理类的选考科目要求？,安徽省考生的科目要求是什么？,0
内蒙古考生报考工商管理类的选考科目要求？,内蒙古考生的科目要求是什么？,0
江西省考生报考工商管理类的选考科目要求？,江西省考生的科目要求是什么？,0
山西省古考生报考工商管理类的选考科目要求？,山西省对考生的科目要求是什么？,0
吉林省考生报考工商管理类的选考科目要求？,吉林省考生的科目要求是什么？,0
甘肃省考生报考工商管理类的选考科目要求？,甘肃省考生的科目要求是什么？,0
陕西省考生报考工商管理类的选考科目要求？,陕西省考生的科目要求是什么？,0
贵州省考生报考新闻传播类的选考科目要求？,贵州省考生报考新闻传播学的科目要求是什么？,1
黑龙江省考生报考新闻传播类的选考科目要求？,黑龙江省考生的科目要求是什么？,0
四川省考生报考新闻传播类的选考科目要求？,四川省考生的科目要求是什么？,0
新疆考生报考新闻传播类的选考科目要求？,新疆考生的科目要求是什么？,0
河南省考生报考新闻传播类的选考科目要求？,河南省对考生的科目要求是什么？,0
云南省考生报考新闻传播类的选考科目要求？,云南省对考生的科目要求是什么？,0
广西省考生报考新闻传播类的选考科目要求？,广西省对考生的科目要求是什么？,0
安徽省考生报考新闻传播类的选考科目要求？,安徽省对考生的科目要求是什么？,0
内蒙古考生报考新闻传播类的选考科目要求？,内蒙古对考生的科目要求是什么？,0
江西省考生报考新闻传播类的选考科目要求？,江西省对考生的科目要求是什么？,0
山西省考生报考新闻传播类的选考科目要求？,山西省对考生的科目要求是什么？,0
吉林省考生报考新闻传播类的选考科目要求？,吉林省对考生的科目要求是什么？,0
甘肃省考生报考新闻传播类的选考科目要求？,甘肃省对考生的科目要求是什么？,0
陕西省考生报考新闻传播类的选考科目要求？,陕西省对考生的科目要求是什么？,0
贵州省考生报考外国语言文学的选考科目要求？,贵州省考生报考外国语言文学的科目要求是什么？,1
黑龙江省考生报外国语言文学的选考科目要求？,黑龙江省考生报考外国语言文学专业需要哪些科目？,1
四川省考生报考外国语言文学的选考科目要求？,四川省考生报考外国语言文学专业的科目要求是什么？,1
新疆考生报考外国语言文学的选考科目要求？,新疆省考生报考科目要求是什么？,0
河南省考生报考外国语言文学的选考科目要求？,河南省考生报考科目要求是什么？,0
云南省考生报考外国语言文学的选考科目要求？,云南省考生的科目要求是什么？,0
广西省考生报考外国语言文学的选考科目要求？,广西省对考生的科目要求是什么？,0
安徽省考生报考外国语言文学的选考科目要求？,安徽省对考生的科目要求是什么？,0
内蒙古考生报考外国语言文学的选考科目要求？,内蒙古对考生的科目要求是什么？,0
江西省考生报考外国语言文学的选考科目要求？,江西省对考生的科目要求是什么？,0
山西省考生报考外国语言文学的选考科目要求？,山西省对考生的科目要求是什么？,0
吉林省考生报考外国语言文学的选考科目要求？,吉林省对考生的科目要求是什么？,0
甘肃省考生报考外国语言文学的选考科目要求？,甘肃省对考生的科目要求是什么？,0
陕西省考生报考外国语言文学的选考科目要求？,陕西省对考生的科目要求是什么？,0
贵州省考生报考计算机类的选考科目要求？,贵州省考生报考计算机专业的科目要求是什么？,1
黑龙江省考生报计算机类的选考科目要求？,黑龙江省考生报考计算机专业的科目要求是什么？,1
四川省考生报考计算机类的选考科目要求？,四川省考生的科目要求是什么？,0
新疆考生报考计算机类的选考科目要求？,新疆的考生报考计算机专业的科目要求是什么？,1
河南省考生报考计算机类的选考科目要求？,河南省计算机专业的科目要求是什么？,1
云南省考生报考计算机类的选考科目要求？,云南省计算机专业对考生的科目要求是什么？,1
广西省考生报考计算机类的选考科目要求？,广西省的考生报考计算机专业的科目要求是什么？,1
安徽省考生报考计算机类的选考科目要求？,安徽省计算机专业的科目要求是什么？,1
内蒙古考生报考计算机类的选考科目要求？,内蒙古的考生报考计算机专业的科目要求是什么？,1
江西省考生报考计算机类的选考科目要求？,江西省的考生报考计算机专业的科目要求是什么？,1
山西省考生报考计算机类的选考科目要求？,山西省考生报考计算机专业的科目要求是什么？,1
吉林省考生报考计算机类的选考科目要求？,吉林省考生报考计算机专业的科目要求是什么？,1
甘肃省考生报考计算机类的选考科目要求？,甘肃省的考生报考计算机专业的科目要求是什么？,1
陕西省考生报考计算机类的选考科目要求？,陕西省考生报考计算机专业的科目要求是什么？,1
贵州省考生报考会计学的选考科目要求？,贵州省考生报考会计学的科目要求有哪些？,1
黑龙江省考生报考会计学的选考科目要求？,黑龙江省的考生报考会计学需要哪些科目？,1
四川省考生报考会计学的选考科目要求？,四川省考生报考会计学需要考哪些科目？,1
新疆考生报考会计学的选考科目要求？,新疆考生报考会计学的必考科目有哪些？,0
河南省考生报考会计学的选考科目要求？,河南省考生报考会计学的科目有哪些？,1
云南省考生报考会计学的选考科目要求？,云南省考生报考会计学需要考哪些科目？,1
广西省考生报考会计学的选考科目要求？,广西省考生报考会计学需要考哪些科目？,1
安徽省考生报考会计学的选考科目要求？,安徽省考生报考会计学需要哪些科目？,1
内蒙古考生报考会计学的选考科目要求？,内蒙古考生报考会计学需要哪些科目？,1
江西省考生报考会计学的选考科目要求？,江西省考生报考会计学需要考哪些科目？,1
山西省考生报考会计学的选考科目要求？,山西省考生报考会计学需要考哪些科目？,1
吉林省考生报考会计学的选考科目要求？,吉林省考生报考会计学的必考科目有哪些？,0
甘肃省考生报考会计学的选考科目要求？,甘肃省考生报考会计学需要考哪些科目？,1
陕西省考生报考会计学的选考科目要求？,陕西省的考生报考会计学需要哪些科目？,1
贵州省考生报考经济学的选考科目要求？,贵州省报考经济学的科目要求是什么？,1
黑龙江省考生报考经济学的选考科目要求？,黑龙江省对经济学的科目要求是什么？,1
四川省考生报考经济学的选考科目要求？,四川省对经济学的科目要求是什么？,0
新疆考生报考经济学的选考科目要求？,新疆对经济学的科目要求是什么？,1
河南省考生报考经济学的选考科目要求？,河南省经济学的科目要求是什么？,1
云南省考生报考经济学的选考科目要求？,云南省对经济学的学科要求是什么？,1
广西省考生报考经济学的选考科目要求？,广西省对经济学的学科要求是什么？,1
安徽省考生报考经济学的选考科目要求？,安徽省对经济学的学科要求是什么？,1
内蒙古考生报考经济学的选考科目要求？,内蒙古对经济学的学科要求是什么？,1
江西省考生报考经济学的选考科目要求？,江西省经济学的科目要求是什么？,1
山西省考生报考经济学的选考科目要求？,山西省对经济学的学科要求是什么？,1
吉林省考生报考经济学的选考科目要求？,吉林省经济学的科目要求是什么？,1
甘肃省考生报考经济学的选考科目要求？,甘肃省经济学的科目要求是什么？,1
陕西省考生报考经济学的选考科目要求？,陕西省经济学的科目要求是什么？,1
贵州省考生报考社会学的选考科目要求？,贵州省考生的社会学科目要求是什么？,1
黑龙江省考生报考社会学的选考科目要求？,黑龙江省社会学的科目要求是什么？,1
四川省考生报考社会学的选考科目要求？,四川省社会学的科目要求是什么？,1
新疆考生报考社会学的选考科目要求？,新疆考生的社会学科目要求是什么？,1
河南省考生报考社会学的选考科目要求？,河南省社会学的科目要求是什么？,1
云南省考生报考社会学的选考科目要求？,云南省社会学的科目要求是什么？,1
广西省考生报考社会学的选考科目要求？,广西省考生报考社会学的科目要求是什么？,1
安徽省考生报考社会学的选考科目要求？,安徽省的考生报考社会学需要哪些科目？,1
内蒙古考生报考社会学的选考科目要求？,内蒙古的考生报考社会学需要哪些科目？,1
江西省考生报考社会学的选考科目要求？,江西省考生报考社会学需要考哪些科目？,1
山西省考生报考社会学的选考科目要求？,山西省考生报考社会学需要考哪些科目？,1
吉林省考生报考社会学的选考科目要求？,吉林省考生报考社会学的科目要求是什么？,1
甘肃省考生报考社会学的选考科目要求？,甘肃省考生报考社会学需要考哪些科目？,1
陕西省考生报考社会学的选考科目要求？,陕西省考生报考社会学的科目要求是什么？,1
贵州省考生报考应用心理学的选考科目要求？,贵州省考生报考应用心理学需要哪些科目？,1
黑龙江省考生报考应用心理学的选考科目要求？,黑龙江省考生报考应用心理学需要考哪些科目？,1
四川省考生报考应用心理学的选考科目要求？,四川省考生报考应用心理学的科目要求是什么？,1
新疆考生报考应用心理学的选考科目要求？,新疆考生报考应用心理学的科目要求是什么？,1
河南省考生报考应用心理学的选考科目要求？,河南省考生报考科目要求是什么？,0
云南省考生报考应用心理学的选考科目要求？,云南省对考生的科目要求是什么？,0
广西省考生报考应用心理学的选考科目要求？,广西省对考生的科目要求是什么？,0
安徽省考生报考应用心理学的选考科目要求？,安徽省对考生的科目要求是什么？,0
内蒙古考生报考应用心理学的选考科目要求？,内蒙古考生的科目要求是什么？,0
江西省考生报考应用心理学的选考科目要求？,江西省考生报考应用心理学需要哪些科目？,1
山西省考生报考应用心理学的选考科目要求？,山西省考生的科目要求是什么？,0
吉林省考生报考应用心理学的选考科目要求？,吉林省考生报考应用心理学需要哪些科目？,1
甘肃省考生报考应用心理学的选考科目要求？,甘肃省考生的报考科目要求是什么？,0
陕西省考生报考应用心理学的选考科目要求？,陕西省考生报考应用心理学需要哪些科目？,1
贵州省考生报考食品科学与工程的选考科目要求？,贵州省考生报考食品科学与工程专业需要哪些科目？,1
黑龙江省考生报考食品科学与工程的选考科目要求？,黑龙江省考生报考食品科学与工程专业需要哪些科目？,1
四川省考生报考食品科学与工程的选考科目要求？,四川省考生报考科目要求是什么？,0
新疆考生报考食品科学与工程的选考科目要求？,新疆省考生报考科目要求是什么？,0
河南省考生报考食品科学与工程的选考科目要求？,河南省考生报考科目要求是什么？,0
云南省考生报考食品科学与工程的选考科目要求？,云南省对考生的科目要求是什么？,0
广西省考生报考食品科学与工程的选考科目要求？,广西省对考生的科目要求是什么？,0
安徽省考生报考食品科学与工程的选考科目要求？,安徽省对考生的科目要求是什么？,0
内蒙古考生报考食品科学与工程的选考科目要求？,内蒙古考生报考食品科学与工程专业有哪些科目要求？,1
江西省考生报考食品科学与工程的选考科目要求？,江西省考生报考科目要求有哪些？,0
山西省考生报考食品科学与工程的选考科目要求？,山西省考生报考的科目要求是什么？,0
吉林省考生报考食品科学与工程的选考科目要求？,吉林省考生报考食品科学与工程专业需要哪些科目？,1
甘肃省考生报考食品科学与工程的选考科目要求？,甘肃省考生报考食品科学与工程专业需要哪些科目？,1
陕西省考生报考食品科学与工程的选考科目要求？,陕西省考生报考食品科学与工程专业需要哪些科目？,1
贵州省考生报考环境科学的选考科目要求？,贵州省考生报考环境科学专业需要考哪些科目？,1
黑龙江省考生报考环境科学的选考科目要求？,黑龙江省考生报考环境科学专业需要考哪些科目？,1
四川省考生报考环境科学的选考科目要求？,四川省考生报考环境科学专业需要考哪些科目？,1
新疆考生报考环境科学的选考科目要求？,新疆考生报考《环境科学》有哪些科目要求？,1
河南省考生报考环境科学的选考科目要求？,河南省考生报考环境科学需要哪些科目？,1
云南省考生报考环境科学的选考科目要求？,云南省的考生报考环境科学需要哪些科目？,1
广西省考生报考环境科学的选考科目要求？,广西省考生报考环境科学需要考哪些科目？,1
安徽省考生报考环境科学的选考科目要求？,安徽省考生报考环境科学需要考哪些科目？,1
内蒙古考生报考环境科学的选考科目要求？,内蒙古考生报考环境科学需要考哪些科目？,1
江西省考生报考环境科学的选考科目要求？,江西省考生报考环境科学需要考哪些科目？,1
山西省考生报考环境科学的选考科目要求？,山西省考生报考环境科学需要考哪些科目？,1
吉林省考生报考环境科学的选考科目要求？,吉林省考生报考环境科学需要考哪些科目？,1
甘肃省考生报考环境科学的选考科目要求？,甘肃省考生报考环境科学需要考哪些科目？,1
陕西省考生报考环境科学的选考科目要求？,陕西省考生报考环境科学需要考哪些科目？,1
贵州省考生报考统计学的选考科目要求？,贵州省考生报考统计学需要考哪些科目？,1
黑龙江省考生报考统计学的选考科目要求？,黑龙江省考生报考统计学需要考哪些科目？,1
四川省考生报考统计学的选考科目要求？,四川省考生报考统计学的科目要求是什么？,1
新疆考生报考统计学的选考科目要求？,新疆考生报考统计学的科目要求有哪些？,1
河南省考生报考统计学的选考科目要求？,河南省考生报考科目要求是什么？,0
云南省考生报考统计学的选考科目要求？,云南省考生报考统计学的科目要求是什么？,1
广西省考生报考统计学的选考科目要求？,广西省考生报考统计学的科目要求是什么？,1
安徽省考生报考统计学的选考科目要求？,安徽省考生报考统计学需要哪些科目？,1
内蒙古考生报考统计学的选考科目要求？,内蒙古的考生报考统计学的科目要求是什么？,1
江西省考生报考统计学的选考科目要求？,江西省考生报考统计学需要哪些科目？,1
山西省考生报考统计学的选考科目要求？,山西省考生报考统计学需要考哪些科目？,1
吉林省考生报考统计学的选考科目要求？,吉林省考生报考统计学的科目要求有哪些？,1
甘肃省考生报考统计学的选考科目要求？,甘肃省考生报考统计学的科目要求有哪些？,1
陕西省考生报考统计学的选考科目要求？,陕西省考生报考统计学的科目要求是什么？,1
贵州省考生报考金融数学的选考科目要求？,贵州省考生报考金融数学需要哪些科目？,1
黑龙江省考生报考金融数学的选考科目要求？,黑龙江省考生报考金融数学的科目要求是什么？,1
四川省考生报考金融数学的选考科目要求？,四川省考生报考金融数学的科目要求是什么？,1
新疆考生报考金融数学的选考科目要求？,新疆考生报考金融数学的科目要求是什么？,1
河南省考生报考金融数学的选考科目要求？,河南省考生的科目要求是什么？,0
云南省考生报考金融数学的选考科目要求？,云南省考生的科目要求是什么？,0
广西省考生报考金融数学的选考科目要求？,广西省考生报考金融数学的科目要求是什么？,1
安徽省考生报考金融数学的选考科目要求？,安徽省考生的科目要求是什么？,0
内蒙古考生报考金融数学的选考科目要求？,内蒙古考生报考金融数学的科目要求是什么？,1
江西省考生报考金融数学的选考科目要求？,江西省考生报考金融数学的科目要求是什么？,1
山西省考生报考金融数学的选考科目要求？,山西省考生的科目要求是什么？,0
吉林省考生报考金融数学的选考科目要求？,吉林省考生的科目要求是什么？,0
甘肃省考生报考金融数学的选考科目要求？,甘肃省考生的科目要求是什么？,0
陕西省考生报考金融数学的选考科目要求？,陕西省对考生的科目要求是什么？,0
贵州省考生报考数学与应用数学的选考科目要求？,贵州省考生报考数学与应用数学的科目要求是什么？,1
黑龙江省考生报考数学与应用数学的选考科目要求？,黑龙江省考生报考数学与应用数学的科目要求是什么？,1
四川省考生报考数学与应用数学的选考科目要求？,四川省考生报考数学与应用数学的科目要求是什么？,1
新疆考生报考数学与应用数学的选考科目要求？,新疆考生报考数学与应用数学的科目要求是什么？,1
河南省考生报考数学与应用数学的选考科目要求？,河南省考生报考数学与应用数学的科目要求是什么？,1
云南省考生报考数学与应用数学的选考科目要求？,云南省考生的科目要求是什么？,0
广西省考生报考数学与应用数学的选考科目要求？,广西省考生报考数学与应用数学的科目要求是什么？,1
安徽省考生报考数学与应用数学的选考科目要求？,安徽省考生报考数学与应用数学的科目要求是什么？,1
内蒙古考生报考数学与应用数学的选考科目要求？,内蒙古考生报考数学与应用数学的科目要求是什么？,1
江西省考生报考数学与应用数学的选考科目要求？,江西省考生报考数学与应用数学的科目要求是什么？,1
山西省考生报考数学与应用数学的选考科目要求？,山西省考生报考数学与应用数学的科目要求是什么？,1
吉林省考生报考数学与应用数学的选考科目要求？,吉林省考生报考数学与应用数学的科目要求是什么？,1
甘肃省考生报考数学与应用数学的选考科目要求？,甘肃省考生报考数学与应用数学的科目要求是什么？,1
陕西省考生报考数学与应用数学的选考科目要求？,陕西省考生报考数学与应用数学的科目要求是什么？,1
贵州省考生报考音乐表演的选考科目要求？,贵州省考生的音乐表演科目要求是什么？,1
黑龙江省考生报考音乐表演的选考科目要求？,黑龙江省考生音乐表演的科目要求是什么？,1
四川省考生报考音乐表演的选考科目要求？,四川省考生报考音乐表演的科目要求是什么？,1
新疆考生报考音乐表演的选考科目要求？,新疆地区对音乐表演的科目要求是什么？,1
河南省考生报考音乐表演的选考科目要求？,河南省对音乐表演的科目要求是什么？,1
云南省考生报考音乐表演的选考科目要求？,云南省考生音乐表演的科目要求是什么？,1
广西省考生报考音乐表演的选考科目要求？,广西省考生报考音乐表演专业的科目要求是什么？,1
安徽省考生报考音乐表演的选考科目要求？,安徽省考生报考音乐表演的科目要求是什么？,1
内蒙古考生报考音乐表演的选考科目要求？,内蒙古考生报考音乐表演的科目要求是什么？,1
江西省考生报考音乐表演的选考科目要求？,江西省考生报考音乐表演的科目要求是什么？,1
山西省考生报考音乐表演的选考科目要求？,山西省考生报考音乐表演的科目要求是什么？,1
吉林省考生报考音乐表演的选考科目要求？,吉林省考生报考音乐表演的科目要求是什么？,1
甘肃省考生报考音乐表演的选考科目要求？,甘肃省考生报考音乐表演的科目要求是什么？,1
陕西省考生报考音乐表演的选考科目要求？,陕西省考生报考音乐表演的科目要求有哪些？,1
贵州省考生报考人工智能的选考科目要求？,贵州省考生报考人工智能需要哪些科目？,1
黑龙江省考生报考人工智能的选考科目要求？,黑龙江省考生报考人工智能需要考哪些科目？,1
四川省考生报考人工智能的选考科目要求？,四川省考生报考科目要求是什么？,0
新疆考生报考人工智能的选考科目要求？,新疆省考生报考科目要求是什么？,0
河南省考生报考人工智能的选考科目要求？,河南省考生报考科目要求是什么？,0
云南省考生报考人工智能的选考科目要求？,云南省对考生的科目要求是什么？,0
广西省考生报考人工智能的选考科目要求？,广西省对考生的科目要求是什么？,0
安徽省考生报考人工智能的选考科目要求？,安徽省对考生的科目要求是什么？,0
内蒙古考生报考人工智能的选考科目要求？,内蒙古对考生的科目要求是什么？,0
江西省考生报考人工智能的选考科目要求？,江西省对考生的科目要求是什么？,0
山西省考生报考人工智能的选考科目要求？,山西省对考生的科目要求是什么？,0
吉林省考生报考人工智能的选考科目要求？,吉林省对考生的科目要求是什么？,0
甘肃省考生报考人工智能的选考科目要求？,甘肃省考生的科目要求是什么？,0
陕西省考生报考人工智能的选考科目要求？,陕西省考生报考人工智能的科目要求是什么？,1
北京市考生报考工商管理类的选考科目要求？,北京考生报考工商管理的科目要求是什么？,1
天津市考生报考工商管理类的选考科目要求？,天津考生的科目要求是什么？,0
上海市考生报考工商管理类的选考科目要求？,对上海考生的科目要求是什么？,0
浙江省考生报考工商管理类的选考科目要求？,浙江省考生的科目要求是什么？,0
山东省考生报考工商管理类的选考科目要求？,山东省考生的科目要求是什么？,0
海南省考生报考工商管理类的选考科目要求？,海南省考生的科目要求是什么？,0
北京市考生报考新闻传播类的选考科目要求？,北京考生的新闻与传播专业的科目要求是什么？,1
天津市考生报考新闻传播类的选考科目要求？,天津市考生报考新闻与传播专业的科目要求是什么？,1
上海市考生报考新闻传播类的选考科目要求？,上海考生的科目要求是什么？,0
浙江省考生报考新闻传播类的选考科目要求？,浙江省考生的科目要求是什么？,0
山东省考生报考新闻传播类的选考科目要求？,山东省考生的科目要求是什么？,0
海南省考生报考新闻传播类的选考科目要求？,海南省考生的科目要求是什么？,0
北京市考生报考外国语言文学的选考科目要求？,北京市考生报考外国语言文学专业的科目要求是什么？,1
天津市考生报考外国语言文学的选考科目要求？,天津市考生报考外国语言文学专业的科目要求是什么？,1
上海市考生报考外国语言文学的选考科目要求？,上海考生的科目要求是什么？,0
浙江省考生报考外国语言文学的选考科目要求？,浙江省考生的科目要求是什么？,0
山东省考生报考外国语言文学的选考科目要求？,山东省考生的科目要求是什么？,0
海南省考生报考外国语言文学的选考科目要求？,对海南省考生的科目要求是什么？,0
北京市考生报考计算机类的选考科目要求？,北京的考生对计算机专业的科目要求是什么？,1
天津市考生报考计算机类的选考科目要求？,天津市考生计算机专业的科目要求是什么？,1
上海市考生报考计算机类的选考科目要求？,上海的考生对计算机科学的科目要求是什么？,1
浙江省考生报考计算机类的选考科目要求？,浙江省考生报考计算机专业的科目要求是什么？,1
山东省考生报考计算机类的选考科目要求？,山东省考生报考计算机专业的科目要求是什么？,1
海南省考生报考计算机类的选考科目要求？,海南省考生报考计算机专业的科目要求是什么？,1
北京市考生报考会计学的选考科目要求？,北京的考生报考会计学的科目要求是什么？,1
天津市考生报考会计学的选考科目要求？,天津考生报考会计学的科目要求有哪些？,1
上海市考生报考会计学的选考科目要求？,上海考生报考科目要求是什么？,0
浙江省考生报考会计学的选考科目要求？,浙江省的考生报考会计学需要哪些科目？,1
山东省考生报考会计学的选考科目要求？,山东省考生报考会计学需要考哪些科目？,1
海南省考生报考会计学的选考科目要求？,海南省考生报考会计学的科目要求有哪些？,1
北京市考生报考经济学的选考科目要求？,北京市考生报考经济学的科目要求是什么？,1
天津市考生报考经济学的选考科目要求？,天津市考生报考经济学的科目要求是什么？,1
上海市考生报考经济学的选考科目要求？,上海考生报考经济学的科目要求是什么？,1
浙江省考生报考经济学的选考科目要求？,浙江省考生的经济学科目要求是什么？,1
山东省考生报考经济学的选考科目要求？,山东省考生经济学的科目要求是什么？,1
海南省考生报考经济学的选考科目要求？,海南省经济学的科目要求是什么？,1
北京市考生报考社会学的选考科目要求？,北京的考生社会学的科目要求是什么？,1
天津市考生报考社会学的选考科目要求？,天津社会学的科目要求是什么？,0
上海市考生报考社会学的选考科目要求？,上海考生报考社会学的科目要求是什么？,1
浙江省考生报考社会学的选考科目要求？,浙江省的考生报考社会学需要哪些科目？,1
山东省考生报考社会学的选考科目要求？,山东省考生报考社会学的科目要求是什么？,1
海南省考生报考社会学的选考科目要求？,海南省考生报考社会学的科目要求有哪些？,1
北京市考生报考应用心理学的选考科目要求？,北京市考生报考应用心理学的科目要求是什么？,1
天津市考生报考应用心理学的选考科目要求？,天津市考生报考应用心理学的科目要求是什么？,1
上海市考生报考应用心理学的选考科目要求？,上海考生报考应用心理学的科目要求是什么？,1
浙江省考生报考应用心理学的选考科目要求？,浙江省考生的科目要求是什么？,0
山东省考生报考应用心理学的选考科目要求？,山东省考生的科目要求是什么？,0
海南省考生报考应用心理学的选考科目要求？,海南省考生的科目要求是什么？,0
北京市考生报考食品科学与工程的选考科目要求？,北京地区考生报考食品科学与工程专业的科目要求是什么？,1
天津市考生报考食品科学与工程的选考科目要求？,天津市食品科学与工程专业对考生的科目要求是什么？,1
上海市考生报考食品科学与工程的选考科目要求？,上海考生报考食品科学与工程专业的科目要求是什么？,1
浙江省考生报考食品科学与工程的选考科目要求？,浙江省考生的科目要求是什么？,0
山东省考生报考食品科学与工程的选考科目要求？,山东省考生的科目要求是什么？,0
海南省考生报考食品科学与工程的选考科目要求？,海南省考生报考食科的要求是什么？,1
北京市考生报考环境科学的选考科目要求？,北京市考生报考环科的要求是什么？,1
天津市考生报考环境科学的选考科目要求？,天津市考生报考环境科学的科目要求是什么？,1
上海市考生报考环境科学的选考科目要求？,上海考生报考环境科学的科目要求是什么？,1
浙江省考生报考环境科学的选考科目要求？,浙江省的考生报考《环境科学》需要哪些科目？,1
山东省考生报考环境科学的选考科目要求？,山东省考生报考《环境科学》的科目要求是什么？,1
海南省考生报考环境科学的选考科目要求？,海南省考生报考《环境科学》需要哪些科目？,1
北京市考生报考统计学的选考科目要求？,北京的考生报考统计学的科目要求是什么？,1
天津市考生报考统计学的选考科目要求？,天津市考生报考统计学的科目要求是什么？,1
上海市考生报考统计学的选考科目要求？,上海市考生报考统计学的科目要求是什么？,1
浙江省考生报考统计学的选考科目要求？,浙江省的考生报考统计学的科目要求是什么？,1
山东省考生报考统计学的选考科目要求？,山东省考生报考统计学的科目要求是什么？,1
海南省考生报考统计学的选考科目要求？,海南省考生报考统计学的科目要求是什么？,1
北京市考生报考金融数学的选考科目要求？,北京考生报考金融数学的科目要求是什么？,1
天津市考生报考金融数学的选考科目要求？,天津市考生报考金融数学的科目要求是什么？,1
上海市考生报考金融数学的选考科目要求？,上海考生报考金融数学的科目要求是什么？,1
浙江省考生报考金融数学的选考科目要求？,浙江省考生的科目要求是什么？,0
山东省考生报考金融数学的选考科目要求？,山东省考生报考金融数学的科目要求是什么？,1
海南省考生报考金融数学的选考科目要求？,海南省考生的科目要求是什么？,0
北京市考生报考数学与应用数学的选考科目要求？,北京考生的数学与应用数学的科目要求是什么？,1
天津市考生报考数学与应用数学的选考科目要求？,天津市考生报考数学与应用数学的科目要求是什么？,1
上海市考生报考数学与应用数学的选考科目要求？,上海考生报考数学与应用数学的科目要求是什么？,1
浙江省考生报考数学与应用数学的选考科目要求？,浙江省考生报考数学与应用数学的科目要求是什么？,1
山东省考生报考数学与应用数学的选考科目要求？,山东省考生报考数学与应用数学的科目要求是什么？,1
海南省考生报考数学与应用数学的选考科目要求？,海南省考生报考数学与应用数学的科目要求是什么？,1
北京市考生报考音乐表演的选考科目要求？,北京考生报考音乐表演专业的科目要求是什么？,1
天津市考生报考音乐表演的选考科目要求？,天津市考生报考音乐表演专业的科目要求是什么？,1
上海市考生报考音乐表演的选考科目要求？,上海考生的音乐表演科目要求是什么？,1
浙江省考生报考音乐表演的选考科目要求？,浙江省考生报考音乐表演专业的科目要求是什么？,1
山东省考生报考音乐表演的选考科目要求？,山东省考生报考音乐表演专业的科目要求是什么？,1
海南省考生报考音乐表演的选考科目要求？,海南省考生的音乐表演科目要求是什么？,1
北京市考生报考人工智能的选考科目要求？,北京考生报考人工智能的科目要求是什么？,1
天津市考生报考人工智能的选考科目要求？,天津市考生报考人工智能的科目要求是什么？,1
上海市考生报考人工智能的选考科目要求？,上海考生的科目要求是什么？,0
浙江省考生报考人工智能的选考科目要求？,浙江省考生的科目要求是什么？,0
山东省考生报考人工智能的选考科目要求？,山东省考生的科目要求是什么？,0
海南省考生报考人工智能的选考科目要求？,海南省考生的科目要求是什么？,0
河北省考生报考工商管理类的选考科目要求？,河北省考生的科目要求是什么？,0
辽宁省考生报考工商管理类的选考科目要求？,辽宁省对考生的科目要求是什么？,0
江苏省考生报考工商管理类的选考科目要求？,江苏省对考生的科目要求是什么？,0
福建省考生报考工商管理类的选考科目要求？,福建省对考生的科目要求是什么？,0
湖北省考生报考工商管理类的选考科目要求？,湖北省对考生的科目要求是什么？,0
湖南省考生报考工商管理类的选考科目要求？,湖南省考生的科目要求是什么？,0
广东省考生报考工商管理类的选考科目要求？,广东省对考生的科目要求是什么？,0
重庆省考生报考工商管理类的选考科目要求？,重庆省考生的科目要求是什么？,0
河北省考生报考新闻传播类的选考科目要求？,河北省考生报考新闻与传播专业的科目要求是什么？,1
辽宁省考生报考新闻传播类的选考科目要求？,辽宁省考生报考新闻传播学的科目要求是什么？,1
江苏省考生报考新闻传播类的选考科目要求？,江苏省考生的科目要求是什么？,0
福建省考生报考新闻传播类的选考科目要求？,福建省考生的科目要求是什么？,0
湖北省考生报考新闻传播类的选考科目要求？,湖北省考生的科目要求是什么？,0
湖南省考生报考新闻传播类的选考科目要求？,湖南省对考生的科目要求是什么？,0
广东省考生报考新闻传播类的选考科目要求？,广东省对考生的科目要求是什么？,0
重庆省考生报考新闻传播类的选考科目要求？,重庆省对考生的科目要求是什么？,0
河北省考生报考外国语言文学的选考科目要求？,河北省考生报考外国语言文学专业的科目要求是什么？,1
辽宁省考生报考外国语言文学的选考科目要求？,辽宁省考生的科目要求是什么？,0
江苏省考生报考外国语言文学的选考科目要求？,江苏省考生的科目要求是什么？,0
福建省考生报考外国语言文学的选考科目要求？,福建省对考生的科目要求是什么？,0
湖北省考生报考外国语言文学的选考科目要求？,湖北省对考生的科目要求是什么？,0
湖南省考生报考外国语言文学的选考科目要求？,湖南省对考生的科目要求是什么？,0
广东省考生报考外国语言文学的选考科目要求？,广东省对考生的科目要求是什么？,0
重庆省考生报考外国语言文学的选考科目要求？,重庆省对考生的科目要求是什么？,0
河北省考生报考计算机类的选考科目要求？,河北省对计算机专业的科目要求是什么？,1
辽宁省考生报考计算机类的选考科目要求？,辽宁省考生报考计算机专业的科目要求是什么？,1
江苏省考生报考计算机类的选考科目要求？,江苏省考生报考计算机专业的科目要求是什么？,1
福建省考生报考计算机类的选考科目要求？,福建省考生报考计算机专业的科目要求是什么？,1
湖北省考生报考计算机类的选考科目要求？,湖北省报考计算机专业的考生有哪些科目要求？,1
湖南省考生报考计算机类的选考科目要求？,湖南省计算机专业的科目要求是什么？,1
广东省考生报考计算机类的选考科目要求？,广东省的考生报考计算机专业的科目要求是什么？,1
重庆省考生报考计算机类的选考科目要求？,重庆省考生报考计算机专业的科目要求是什么？,1
河北省考生报考会计学的选考科目要求？,河北省对考生的科目要求是什么？,0
辽宁省考生报考会计学的选考科目要求？,辽宁省考生的科目要求是什么？,0
江苏省考生报考会计学的选考科目要求？,江苏省考生报考会计学的科目要求是什么？,1
福建省考生报考会计学的选考科目要求？,福建省考生的报考科目要求是什么？,0
湖北省考生报考会计学的选考科目要求？,湖北省考生的报考科目要求是什么？,0
湖南省考生报考会计学的选考科目要求？,湖南省考生的科目要求是什么？,0
广东省考生报考会计学的选考科目要求？,广东省考生的科目要求是什么？,0
重庆省考生报考会计学的选考科目要求？,重庆省考生报考会计学的科目要求是什么？,1
河北省考生报考经济学的选考科目要求？,河北省考生报考经济学的科目要求是什么？,1
辽宁省考生报考经济学的选考科目要求？,辽宁省对经济学的科目要求是什么？,1
江苏省考生报考经济学的选考科目要求？,江苏省对经济学的科目要求是什么？,1
福建省考生报考经济学的选考科目要求？,福建省对经济学的科目要求是什么？,1
湖北省考生报考经济学的选考科目要求？,湖北省对经济学的学科要求是什么？,1
湖南省考生报考经济学的选考科目要求？,湖南省经济学专业的学科要求是什么？,1
广东省考生报考经济学的选考科目要求？,广东省经济学的报考条件是什么？,1
重庆省考生报考经济学的选考科目要求？,重庆省经济学的科目要求是什么？,1
河北省考生报考社会学的选考科目要求？,河北省考生的社会学专业科目要求是什么？,1
辽宁省考生报考社会学的选考科目要求？,辽宁省社会学的报考条件是什么？,1
江苏省考生报考社会学的选考科目要求？,江苏省社会学的科目要求是什么？,1
福建省考生报考社会学的选考科目要求？,福建省考生的科目要求是什么？,1
湖北省考生报考社会学的选考科目要求？,湖北省的考生报考社会学需要哪些科目？,1
湖南省考生报考社会学的选考科目要求？,湖南省考生报考社会学的科目要求有哪些？,1
广东省考生报考社会学的选考科目要求？,广东省考生的科目要求是什么？,0
重庆省考生报考社会学的选考科目要求？,重庆省考生报考科目要求是什么？,0
河北省考生报考应用心理学的选考科目要求？,河北省报考应用心理学的科目要求是什么？,1
辽宁省考生报考应用心理学的选考科目要求？,辽宁省应用心理学的科目要求是什么？,1
江苏省考生报考应用心理学的选考科目要求？,江苏省考生报考应用心理学的科目要求是什么？,1
福建省考生报考应用心理学的选考科目要求？,福建省对考生的科目要求是什么？,0
湖北省考生报考应用心理学的选考科目要求？,湖北省考生的科目要求是什么？,0
湖南省考生报考应用心理学的选考科目要求？,湖南省考生的科目要求是什么？,0
广东省考生报考应用心理学的选考科目要求？,广东省对考生的科目要求是什么？,0
重庆省考生报考应用心理学的选考科目要求？,重庆省对考生的科目要求是什么？,0
河北省考生报考食品科学与工程的选考科目要求？,河北省考生报考食品科学与工程专业有哪些科目要求？,1
辽宁省考生报考食品科学与工程的选考科目要求？,辽宁省考生报考科目要求是什么？,0
江苏省考生报考食品科学与工程的选考科目要求？,江苏省考生报考食品科学与工程专业有哪些科目要求？,1
福建省考生报考食品科学与工程的选考科目要求？,福建省考生报考食品科学与工程的科目要求有哪些？,1
湖北省考生报考食品科学与工程的选考科目要求？,湖北省考生的报考科目要求是什么？,0
湖南省考生报考食品科学与工程的选考科目要求？,湖南省考生的科目要求是什么？,0
广东省考生报考食品科学与工程的选考科目要求？,广东省对考生的科目要求是什么？,0
重庆省考生报考食品科学与工程的选考科目要求？,重庆省考生的科目要求是什么？,0
河北省考生报考环境科学的选考科目要求？,河北省考生报考环境科学专业的科目要求是什么？,1
辽宁省考生报考环境科学的选考科目要求？,辽宁省考生报考科目要求是什么？,0
江苏省考生报考环境科学的选考科目要求？,江苏省考生报考环境科学的科目要求有哪些？,1
福建省考生报考环境科学的选考科目要求？,福建省考生报考环境科学专业的科目要求是什么？,1
湖北省考生报考环境科学的选考科目要求？,湖北省的考生报考《环境科学》需要哪些科目？,1
湖南省考生报考环境科学的选考科目要求？,湖南省考生报考环境科学需要哪些科目？,1
广东省考生报考环境科学的选考科目要求？,广东省的考生报考环境科学需要哪些科目？,1
重庆省考生报考环境科学的选考科目要求？,重庆省考生报考《环境科学》的科目要求是什么？,1
河北省考生报考统计学的选考科目要求？,河北省考生报考统计学的科目要求是什么？,1
辽宁省考生报考统计学的选考科目要求？,辽宁省考生的统计学科目要求是什么？,1
江苏省考生报考统计学的选考科目要求？,江苏省考生报考统计学的科目要求是什么？,1
福建省考生报考统计学的选考科目要求？,福建省考生报考统计学的科目要求是什么？,1
湖北省考生报考统计学的选考科目要求？,湖北省考生的科目要求是什么？,0
湖南省考生报考统计学的选考科目要求？,湖南省考生的科目要求是什么？,0
广东省考生报考统计学的选考科目要求？,广东省考生的科目要求是什么？,0
重庆省考生报考统计学的选考科目要求？,重庆省考生报考统计学的科目要求是什么？,1
河北省考生报考金融数学的选考科目要求？,河北省考生报考金融数学的科目要求是什么？,1
辽宁省考生报考金融数学的选考科目要求？,辽宁省考生报考金融数学的科目要求是什么？,1
江苏省考生报考金融数学的选考科目要求？,江苏省考生报考金融数学的科目要求是什么？,1
福建省考生报考金融数学的选考科目要求？,福建省考生报考金融数学的科目要求是什么？,1
湖北省考生报考金融数学的选考科目要求？,湖北省考生的科目要求是什么？,0
湖南省考生报考金融数学的选考科目要求？,湖南省考生的科目要求是什么？,0
广东省考生报考金融数学的选考科目要求？,广东省考生的科目要求是什么？,0
重庆省考生报考金融数学的选考科目要求？,重庆省考生报考金融数学的科目要求是什么？,1
河北省考生报考数学与应用数学的选考科目要求？,河北省考生报考数学与应用数学的科目要求是什么？,1
辽宁省考生报考数学与应用数学的选考科目要求？,辽宁省考生报考数学与应用数学的科目要求是什么？,1
江苏省考生报考数学与应用数学的选考科目要求？,江苏省考生报考数学与应用数学的科目要求是什么？,1
福建省考生报考数学与应用数学的选考科目要求？,福建省考生报考数学与应用数学的科目要求是什么？,1
湖北省考生报考数学与应用数学的选考科目要求？,湖北省考生的科目要求是什么？,0
湖南省考生报考数学与应用数学的选考科目要求？,湖南省考生的科目要求是什么？,0
广东省考生报考数学与应用数学的选考科目要求？,广东省考生报考数学与应用数学的科目要求是什么？,1
重庆省考生报考数学与应用数学的选考科目要求？,重庆省考生报考数学与应用数学专业的科目要求是什么？,1
河北省考生报考音乐表演的选考科目要求？,河北省考生报考音乐表演专业的科目要求是什么？,1
辽宁省考生报考音乐表演的选考科目要求？,辽宁省考生报考音乐表演的科目要求是什么？,1
江苏省考生报考音乐表演的选考科目要求？,江苏省考生报考音乐表演的科目要求是什么？,1
福建省考生报考音乐表演的选考科目要求？,福建省考生报考音乐表演的科目要求是什么？,1
湖北省考生报考音乐表演的选考科目要求？,湖北省考生的音乐表演科目要求是什么？,1
湖南省考生报考音乐表演的选考科目要求？,湖南省考生音乐表演的科目要求是什么？,1
广东省考生报考音乐表演的选考科目要求？,广东省考生报考音乐表演专业的科目要求是什么？,1
重庆省考生报考音乐表演的选考科目要求？,重庆省考生报考音乐表演的科目要求是什么？,1
河北省考生报考人工智能的选考科目要求？,河北省考生报考人工智能的科目要求是什么？,1
辽宁省考生报考人工智能的选考科目要求？,辽宁省考生的科目要求是什么？,0
江苏省考生报考人工智能的选考科目要求？,江苏省考生的科目要求是什么？,0
福建省考生报考人工智能的选考科目要求？,福建省对考生的科目要求是什么？,0
湖北省考生报考人工智能的选考科目要求？,湖北省对考生的科目要求是什么？,0
湖南省考生报考人工智能的选考科目要求？,湖南省对考生的科目要求是什么？,0
广东省考生报考人工智能的选考科目要求？,广东省对考生的科目要求是什么？,0
重庆省考生报考人工智能的选考科目要求？,重庆省对考生的科目要求是什么？,0
就读UIC的相关费用有哪些？,在UIC学习的相关费用是多少？,0
就读UIC的学费是多少？,UIC的学费是多少？,1
UIC的住宿费是多少？,UIC的住宿费用是多少？,1
UIC设有哪些入学奖学金？,入读UIC可以获得哪些奖学金？,1
UIC设有哪些奖助学金？,UIC有哪些奖学金？,0
提供哪些小语种可以学习？,提供哪些辅修语言？,1
辅修专业有单独证书吗？,辅修专业是否有单独的证书？,1
2022年“3+3”新高考改革省市有？,"2022年 ""3+3 ""新高考改革省份有哪些？",1
2022年“3+1+2”新高考改革省市有？,"2022年 ""3+1+2 ""新高考改革的省市有哪些？",1
UIC的办学性质是什么？,UIC的性质是什么？,1
学校现在有多少在校生？,该校现在有多少学生？,1
北师港浸大的全称是什么？,北师大浸会大学的全称是什么？,1
简单介绍一下UIC,简要介绍一下UIC,1
UIC是什么？,什么是UIC？,1
UIC办学定位是什么？,UIC的办学定位是什么？,1
UIC的专业有什么？,UIC的专业是什么？,1
UIC的教学质量怎么保证？,如何保证UIC的教学质量？,1
可否转专业？,可以转专业吗？,1
怎么转专业?,如何转专业？,1
依据大类专业入读的学生，将如何分流？,如何按专业类别划分学生？,1
UIC统招本科生颁发何种毕业证书？,UIC统招的本科生将颁发什么样的毕业证书？,1
UIC颁发的香港浸会大学的学士学位证为什么有“荣誉”二字？,"UIC颁发的香港浸会大学学士学位证书中为什么会有 ""荣誉 ""二字？",1
UIC的教育模式是怎样的？,UIC的教育模式是什么？,1
博雅教育是什么？,什么是通识教育？,0
UIC的副修课程有什么？,UIC的辅修课程有哪些？,1
工商管理学部的副修课程有什么？,工商管理系的辅修课程有哪些？,1
人文与社会科学学部的副修课程有什么？,人文与社会科学系的辅修课程有哪些？,1
理工科技学部的副修课程有什么？,科学与技术系的辅修课程有哪些？,1
文化与创意学部的副修课程有什么？,文化与创意系的辅修课程有哪些？,1
国际化教育是什么？,什么是国际教育？,1
简要介绍一下英文教学,简要介绍英语教学,1
简要介绍一下国际化课程,简要介绍国际课程,1
全人教育是什么？,什么是全人教育？,1
四维教育是什么？,什么是四维教育？,1
学校毕业生的深造就业情况如何？,学校毕业生的升学和就业情况如何？,1
苑舍的情况怎么样?,元社的情况如何？,0
学校有什么课余活动?,学校有哪些课外活动？,1
学校对大一新生提供哪些辅导及个人成长帮助?,学校为新生提供哪些心理辅导和个人成长帮助？,1
什么是导师关顾计划？,什么是导师计划？,1
可以进行哪些出国学习？,我可以在国外学习什么？,1
本科招生热线是什么？,本科生招生热线是什么？,1
传真号码是什么？,传真号码是多少？,1
招生咨询邮箱是什么？,招生咨询的电子邮件地址是什么？,1
UIC的邮政编码是什么？,UIC的邮政编码是多少？,1
学校招生办的通讯地址是什么？,学校招生办公室的邮寄地址是什么？,1
学校官网网址是什么？,学校官方网站的网址是什么？,1
港澳台侨联招、台湾学测考生招生咨询渠道是什么？,港澳台侨联和台湾学历考试考生的招生咨询渠道是什么？,1
国际学生本科招生在哪里咨询？,本科生招收留学生的咨询渠道在哪里？,1
授课型研究生专业咨询方式？,教学类研究生专业咨询？,1
研究型硕士、博士研究生项目咨询方式？,研究型硕士和博士生的项目咨询方式是什么？,1
UIC招生信息网是什么,什么是UIC招生信息网,1
UIC的座右铭是什么？,UIC的校训是什么？,1
UIC的数据科学课程如何？,UIC的数据科学课程怎么样？,1
如果我在UIC遇到学习问题怎么办？,在UIC遇到学习问题怎么办？,1
UIC的师资力量如何？,UIC的院系是什么？,0
UIC的学术研究情况如何？,UIC的学术研究状况如何？,1
UIC的招生方式是？,UIC的招生方式是什么？,1
UIC的副修课程是什么？,UIC的辅修课程有哪些？,1
UIC全人教育为学生提供了什么体验？,UIC的整体教育为学生提供了哪些体验？,1
UIC文科教育的目的？,UIC通识教育的目的是什么？,1
 UIC在哪些些省(市、区)招生？,UIC在哪些省（市、区）进行招生？,1
在全国（除广东省外）的考生，UIC的入学要求为？,UIC对全国各地（除广东省外）的考生有什么录取要求？,1
在全国（除广东省外）的考生，UIC的入学英语水平要求为？,对于全国（除广东省外）的考生，UIC的入学英语水平要求是？,1
"广东省综合评价录取模式（631）是什么？
",631是什么？,1
广东省普通类考生的入学要求？,广东省对普通考生的录取要求是什么？,1
广东省综合评价录取模式报考UIC的报名资格？,广东省综合评价录取模式对UIC的报名资格有哪些要求？,1
广东省综合评价录取模式报考UIC的录取条件？,广东综合评价招生模式报考UIC的录取条件是什么？,1
广东省综合评价录取模式报考UIC的综合成绩构成及计算方法,广东综合评价招生模式中UIC综合成绩的构成及计算方法,1
应届生学业水平合格性考试成绩计算例子？,如何计算应届生的学历考试成绩？,1
高考改革前的往届生学业水平合格性考试成绩如何计算？,高考改革前往届生的学业水平测试成绩如何计算？,1
在广东省报考UIC艺术类专业（音乐表演专业）的入学要求？,UIC艺术类专业（音乐表演专业）在广东省的录取要求是什么？,1
在福建省报考UIC艺术类专业（音乐表演专业）的入学要求？,UIC艺术类专业（音乐表演专业）在福建省的录取要求是什么？,1
在湖南省报考UIC艺术类专业（音乐表演专业）的入学要求？,湖南省对UIC艺术类专业（音乐表演专业）的录取要求是什么？,1
在安徽省报考UIC艺术类专业（音乐表演专业）的入学要求？,安徽省对UIC艺术类专业（音乐表演专业）的录取要求是什么？,1
在上海市报考UIC艺术类专业（音乐表演专业）的入学要求？,UIC艺术专业（音乐表演专业）在上海的录取要求是什么？,1
在浙江省报考UIC艺术类专业（音乐表演专业）的入学要求？,UIC艺术专业（音乐表演专业）在浙江省的招生要求是什么？,1
在山东省报考UIC艺术类专业（音乐表演专业）的入学要求？,UIC艺术类专业（音乐表演专业）在山东省的录取要求是什么？,1
贵州省考生报考工商管理类的选考科目要求？,贵州省考生报考工商管理类选考科目的要求是什么？,1
黑龙江省考生报考工商管理类的选考科目要求？,黑龙江省考生报考工商管理类选考科目的要求是什么？,1
四川省考生报考工商管理类的选考科目要求？,四川省考生报考工商管理类选考科目有什么要求？,1
新疆考生报考工商管理类的选考科目要求？,新疆地区考生报考工商管理类选考科目有哪些要求？,1
河南省考生报考工商管理类的选考科目要求？,河南省考生报考工商管理类选考科目有什么要求？,1
云南省考生报考工商管理类的选考科目要求？,云南省考生报考工商管理类选考科目的要求是什么？,1
广西省考生报考工商管理类的选考科目要求？,广西省考生报考工商管理类选考科目有哪些要求？,1
安徽省考生报考工商管理类的选考科目要求？,安徽省考生报考工商管理类选考科目有哪些要求？,1
内蒙古考生报考工商管理类的选考科目要求？,内蒙古地区考生报考工商管理类选考科目有哪些要求？,1
江西省考生报考工商管理类的选考科目要求？,江西省考生报考工商管理类选考科目有什么要求？,1
山西省古考生报考工商管理类的选考科目要求？,山西省古代考生报考工商管理选考科目有哪些要求？,1
吉林省考生报考工商管理类的选考科目要求？,吉林省考生对工商管理类选考科目有哪些要求？,1
甘肃省考生报考工商管理类的选考科目要求？,甘肃省考生报考工商管理类选考科目有哪些要求？,1
陕西省考生报考工商管理类的选考科目要求？,陕西省考生报考工商管理类选考科目有哪些要求？,1
贵州省考生报考新闻传播类的选考科目要求？,贵州省考生报考新闻传播学专业选考科目有哪些要求？,1
黑龙江省考生报考新闻传播类的选考科目要求？,黑龙江省考生报考新闻传播学专业选考科目有什么要求？,1
四川省考生报考新闻传播类的选考科目要求？,四川省考生报考新闻传播学专业选考科目有哪些要求？,1
新疆考生报考新闻传播类的选考科目要求？,新疆考生报考新闻传播学选考科目的要求是什么？,1
河南省考生报考新闻传播类的选考科目要求？,河南省考生报考新闻传播学专业选考科目有哪些要求？,1
云南省考生报考新闻传播类的选考科目要求？,云南省考生报考新闻传播学专业选考科目有哪些要求？,1
广西省考生报考新闻传播类的选考科目要求？,广西省考生报考新闻传播学专业选考科目的要求是什么？,1
安徽省考生报考新闻传播类的选考科目要求？,安徽省考生报考新闻传播学专业选考科目有哪些要求？,1
内蒙古考生报考新闻传播类的选考科目要求？,内蒙古考生报考新闻传播学专业选考科目有什么要求？,1
江西省考生报考新闻传播类的选考科目要求？,江西省考生报考新闻传播学选考科目有什么要求？,1
山西省考生报考新闻传播类的选考科目要求？,山西省考生报考新闻传播学的选考科目要求吗？,1
吉林省考生报考新闻传播类的选考科目要求？,吉林省考生报考新闻传播学的选考科目要求吗？,1
甘肃省考生报考新闻传播类的选考科目要求？,甘肃省考生报考新闻传播学专业选考科目要求是什么？,1
陕西省考生报考新闻传播类的选考科目要求？,陕西省考生报考新闻传播学选考科目有什么要求？,1
贵州省考生报考外国语言文学的选考科目要求？,贵州省考生报考外国语言文学类选考科目的要求是什么？,1
黑龙江省考生报外国语言文学的选考科目要求？,黑龙江省考生报考外国语言文学类选考科目有什么要求？,1
四川省考生报考外国语言文学的选考科目要求？,四川省考生报考外国语言文学选考科目的要求是什么？,1
新疆考生报考外国语言文学的选考科目要求？,新疆考生对外国语言文学选考科目的要求是什么？,1
河南省考生报考外国语言文学的选考科目要求？,河南省考生报考外国语言文学选考科目的要求是什么？,1
云南省考生报考外国语言文学的选考科目要求？,云南省考生报考外国语言文学选考科目的要求是什么？,1
广西省考生报考外国语言文学的选考科目要求？,广西省考生报考外国语言文学选考科目的要求是什么？,1
安徽省考生报考外国语言文学的选考科目要求？,安徽省考生报考外国语言文学选考科目的要求是什么？,1
内蒙古考生报考外国语言文学的选考科目要求？,内蒙古考生对外国语言文学选考科目有哪些要求？,1
江西省考生报考外国语言文学的选考科目要求？,江西省考生对外国语言文学选考科目有哪些要求？,1
山西省考生报考外国语言文学的选考科目要求？,山西省考生对外国语言文学选考科目有哪些要求？,1
吉林省考生报考外国语言文学的选考科目要求？,吉林省考生对外国语言文学选考科目有哪些要求？,1
甘肃省考生报考外国语言文学的选考科目要求？,甘肃省考生报考外国语言文学选考科目的要求是什么？,1
陕西省考生报考外国语言文学的选考科目要求？,陕西省考生报考外国语言文学选考科目的要求是什么？,1
贵州省考生报考计算机类的选考科目要求？,贵州省考生报考计算机专业有什么要求？,1
黑龙江省考生报计算机类的选考科目要求？,黑龙江省考生报考计算机类的选考科目有哪些要求？,1
四川省考生报考计算机类的选考科目要求？,四川省考生报考计算机类选考科目有哪些要求？,1
新疆考生报考计算机类的选考科目要求？,新疆地区考生报考计算机类选考科目有哪些要求？,1
河南省考生报考计算机类的选考科目要求？,河南省考生报考计算机专业有什么要求？,1
云南省考生报考计算机类的选考科目要求？,云南省考生报考计算机专业有什么要求？,1
广西省考生报考计算机类的选考科目要求？,广西省考生报考计算机专业有什么要求？,1
安徽省考生报考计算机类的选考科目要求？,安徽省考生报考计算机专业有哪些要求？,1
内蒙古考生报考计算机类的选考科目要求？,内蒙古地区考生报考计算机类专业对选考科目有哪些要求？,1
江西省考生报考计算机类的选考科目要求？,江西省考生报考计算机类专业有什么要求？,1
山西省考生报考计算机类的选考科目要求？,山西省考生报考自考是否对计算机类选考科目有要求？,1
吉林省考生报考计算机类的选考科目要求？,吉林省考生报考计算机类专业是否符合所选考试科目的要求？,1
甘肃省考生报考计算机类的选考科目要求？,甘肃省考生报考计算机类选考科目有什么要求？,1
陕西省考生报考计算机类的选考科目要求？,陕西省考生报考计算机类选考科目有哪些要求？,1
贵州省考生报考会计学的选考科目要求？,贵州省考生报考会计类选考科目有什么要求？,1
黑龙江省考生报考会计学的选考科目要求？,黑龙江省考生报考会计学选考科目有什么要求？,1
四川省考生报考会计学的选考科目要求？,四川省考生报考会计学选考科目的要求是什么？,1
新疆考生报考会计学的选考科目要求？,新疆地区考生报考会计学选考科目有哪些要求？,1
河南省考生报考会计学的选考科目要求？,河南省考生报考会计学选考科目有哪些要求？,1
云南省考生报考会计学的选考科目要求？,云南省考生报考会计学选考科目有哪些要求？,1
广西省考生报考会计学的选考科目要求？,广西省考生报考会计学选考科目有哪些要求？,1
安徽省考生报考会计学的选考科目要求？,安徽省考生报考会计学选考科目有哪些要求？,1
内蒙古考生报考会计学的选考科目要求？,内蒙古考生报考会计学选考科目有哪些要求？,1
江西省考生报考会计学的选考科目要求？,江西省考生报考会计学选考科目有哪些要求？,1
山西省考生报考会计学的选考科目要求？,山西省考生报考会计学选考科目有哪些要求？,1
吉林省考生报考会计学的选考科目要求？,吉林省考生报考会计学选考科目有哪些要求？,1
甘肃省考生报考会计学的选考科目要求？,甘肃省考生报考会计学选考科目的要求是什么？,1
陕西省考生报考会计学的选考科目要求？,陕西省考生报考会计学选考科目有哪些要求？,1
贵州省考生报考经济学的选考科目要求？,贵州省考生报考经济类选考科目的要求是什么？,1
黑龙江省考生报考经济学的选考科目要求？,黑龙江省考生报考经济类选考科目的要求是什么？,1
四川省考生报考经济学的选考科目要求？,四川省考生报考经济学选考科目的要求是什么？,1
新疆考生报考经济学的选考科目要求？,新疆地区考生报考经济学选考科目有哪些要求？,1
河南省考生报考经济学的选考科目要求？,河南省考生报考经济类选考科目有哪些要求？,1
云南省考生报考经济学的选考科目要求？,云南省考生报考经济学选考科目的要求是什么？,1
广西省考生报考经济学的选考科目要求？,广西省考生报考经济学选考科目的要求是什么？,1
安徽省考生报考经济学的选考科目要求？,安徽省考生报考经济学选考科目的要求是什么？,1
内蒙古考生报考经济学的选考科目要求？,内蒙古考生报考经济学选考科目的要求是什么？,1
江西省考生报考经济学的选考科目要求？,江西省考生报考经济类选考科目的要求是什么？,1
山西省考生报考经济学的选考科目要求？,山西省考生报考经济学选考科目的要求是什么？,1
吉林省考生报考经济学的选考科目要求？,吉林省考生报考经济学选考科目的要求是什么？,1
甘肃省考生报考经济学的选考科目要求？,甘肃省考生报考经济学选考科目的要求是什么？,1
陕西省考生报考经济学的选考科目要求？,陕西省考生报考经济学选考科目的要求是什么？,1
贵州省考生报考社会学的选考科目要求？,贵州省考生报考社会学选考科目的要求是什么？,1
黑龙江省考生报考社会学的选考科目要求？,黑龙江省考生报考社会学选考科目的要求是什么？,1
四川省考生报考社会学的选考科目要求？,四川省考生报考社会学选考科目的要求是什么？,1
新疆考生报考社会学的选考科目要求？,新疆考生报考社会学选考科目有哪些要求？,1
河南省考生报考社会学的选考科目要求？,河南省考生报考社会学选考科目有哪些要求？,1
云南省考生报考社会学的选考科目要求？,云南省考生报考社会学选考科目的要求是什么？,1
广西省考生报考社会学的选考科目要求？,广西省考生报考社会学选考科目的要求是什么？,1
安徽省考生报考社会学的选考科目要求？,安徽省考生报考社会学选考科目的要求是什么？,1
内蒙古考生报考社会学的选考科目要求？,内蒙古考生报考社会学选考科目的要求是什么？,1
江西省考生报考社会学的选考科目要求？,江西省考生报考社会学选考科目的要求是什么？,1
山西省考生报考社会学的选考科目要求？,山西省考生报考社会学选考科目的要求是什么？,1
吉林省考生报考社会学的选考科目要求？,吉林省考生报考社会学选考科目的要求是什么？,1
甘肃省考生报考社会学的选考科目要求？,甘肃省考生对社会学选考科目有哪些要求？,1
陕西省考生报考社会学的选考科目要求？,陕西省考生报考社会学选考科目的要求是什么？,1
贵州省考生报考应用心理学的选考科目要求？,贵州省考生报考应用心理学选考科目有哪些要求？,1
黑龙江省考生报考应用心理学的选考科目要求？,黑龙江省考生对应用心理学选考科目的要求是什么？,1
四川省考生报考应用心理学的选考科目要求？,四川省考生报考应用心理学选考科目的要求是什么？,1
新疆考生报考应用心理学的选考科目要求？,新疆考生报考应用心理学选考科目的要求是什么？,1
河南省考生报考应用心理学的选考科目要求？,河南省考生报考应用心理学选考科目的要求是什么？,1
云南省考生报考应用心理学的选考科目要求？,云南省考生报考应用心理学选考科目的要求是什么？,1
广西省考生报考应用心理学的选考科目要求？,广西省考生报考应用心理学选考科目的要求是什么？,1
安徽省考生报考应用心理学的选考科目要求？,安徽省考生报考应用心理学选考科目的要求是什么？,1
内蒙古考生报考应用心理学的选考科目要求？,内蒙古考生报考应用心理学选考科目的要求是什么？,1
江西省考生报考应用心理学的选考科目要求？,江西省考生报考应用心理学选考科目的要求是什么？,1
山西省考生报考应用心理学的选考科目要求？,山西省考生报考应用心理学选考科目的要求是什么？,1
吉林省考生报考应用心理学的选考科目要求？,吉林省考生报考应用心理学选考科目的要求是什么？,1
甘肃省考生报考应用心理学的选考科目要求？,甘肃省考生报考应用心理学选考科目的要求是什么？,1
陕西省考生报考应用心理学的选考科目要求？,陕西省考生报考应用心理学选考科目的要求是什么？,1
贵州省考生报考食品科学与工程的选考科目要求？,贵州省考生报考食品科学与工程专业选考科目的要求是什么？,1
黑龙江省考生报考食品科学与工程的选考科目要求？,黑龙江省考生报考食品科学与工程专业选考科目有哪些要求？,1
四川省考生报考食品科学与工程的选考科目要求？,四川省考生报考食品科学与工程专业选考科目的要求是什么？,1
新疆考生报考食品科学与工程的选考科目要求？,新疆考生报考食品科学与工程专业选考科目的要求是什么？,1
河南省考生报考食品科学与工程的选考科目要求？,河南省考生报考食品科学与工程专业选考科目有哪些要求？,1
云南省考生报考食品科学与工程的选考科目要求？,云南省考生报考食品科学与工程专业选考科目的要求是什么？,1
广西省考生报考食品科学与工程的选考科目要求？,广西省考生报考食品科学与工程专业选考科目的要求是什么？,1
安徽省考生报考食品科学与工程的选考科目要求？,安徽省考生报考食品科学与工程专业选考科目的要求是什么？,1
内蒙古考生报考食品科学与工程的选考科目要求？,内蒙古考生报考食品科学与工程专业选考科目的要求是什么？,1
江西省考生报考食品科学与工程的选考科目要求？,江西省考生报考食品科学与工程专业选考科目有哪些要求？,1
山西省考生报考食品科学与工程的选考科目要求？,山西省考生报考食品科学与工程专业选考科目有哪些要求？,1
吉林省考生报考食品科学与工程的选考科目要求？,吉林省考生报考食品科学与工程专业选考科目有哪些要求？,1
甘肃省考生报考食品科学与工程的选考科目要求？,甘肃省考生报考食品科学与工程专业选考科目的要求是什么？,1
陕西省考生报考食品科学与工程的选考科目要求？,陕西省考生报考食品科学与工程专业选考科目的要求是什么？,1
贵州省考生报考环境科学的选考科目要求？,贵州省考生报考环境科学专业选考科目有哪些要求？,1
黑龙江省考生报考环境科学的选考科目要求？,黑龙江省考生报考环境科学选考科目的要求是什么？,1
四川省考生报考环境科学的选考科目要求？,四川省考生报考《环境科学》选考科目的要求是什么？,1
新疆考生报考环境科学的选考科目要求？,新疆考生报考《环境科学》选考科目的要求是什么？,1
河南省考生报考环境科学的选考科目要求？,河南省考生报考《环境科学》选考科目的要求是什么？,1
云南省考生报考环境科学的选考科目要求？,云南省考生报考《环境科学》选考科目的要求是什么？,1
广西省考生报考环境科学的选考科目要求？,广西省考生报考《环境科学》选考科目的要求是什么？,1
安徽省考生报考环境科学的选考科目要求？,安徽省考生报考《环境科学》选考科目的要求是什么？,1
内蒙古考生报考环境科学的选考科目要求？,内蒙古考生报考《环境科学》选考科目的要求是什么？,1
江西省考生报考环境科学的选考科目要求？,江西省考生报考《环境科学》选考科目的要求是什么？,1
山西省考生报考环境科学的选考科目要求？,山西省考生报考《环境科学》选考科目的要求是什么？,1
吉林省考生报考环境科学的选考科目要求？,吉林省考生报考《环境科学》选考科目的要求是什么？,1
甘肃省考生报考环境科学的选考科目要求？,甘肃省考生报考《环境科学》选考科目的要求是什么？,1
陕西省考生报考环境科学的选考科目要求？,陕西省考生报考《环境科学》选考科目的要求是什么？,1
贵州省考生报考统计学的选考科目要求？,贵州省考生对统计学选考科目的要求是什么？,1
黑龙江省考生报考统计学的选考科目要求？,黑龙江省考生报考统计学选修科目的要求是什么？,1
四川省考生报考统计学的选考科目要求？,四川省考生报考统计学选修科目的要求是什么？,1
新疆考生报考统计学的选考科目要求？,新疆地区考生报考统计学选考科目有哪些要求？,1
河南省考生报考统计学的选考科目要求？,河南省考生报考统计学选考科目的要求是什么？,1
云南省考生报考统计学的选考科目要求？,云南省考生报考统计学选考科目有哪些要求？,1
广西省考生报考统计学的选考科目要求？,广西省考生报考统计学选考科目的要求是什么？,1
安徽省考生报考统计学的选考科目要求？,安徽省考生报考统计学选考科目的要求是什么？,1
内蒙古考生报考统计学的选考科目要求？,内蒙古地区考生报考统计学选考科目有哪些要求？,1
江西省考生报考统计学的选考科目要求？,江西省考生报考统计学选考科目的要求是什么？,1
山西省考生报考统计学的选考科目要求？,山西省考生报考统计学选修科目的要求是什么？,1
吉林省考生报考统计学的选考科目要求？,吉林省考生报考统计学选考科目有哪些要求？,1
甘肃省考生报考统计学的选考科目要求？,甘肃省考生报考统计学选考科目的要求是什么？,1
陕西省考生报考统计学的选考科目要求？,陕西省考生报考统计学选考科目有哪些要求？,1
贵州省考生报考金融数学的选考科目要求？,贵州省考生报考金融数学选考科目的要求是什么？,1
黑龙江省考生报考金融数学的选考科目要求？,黑龙江省考生对金融数学选考科目的要求是什么？,1
四川省考生报考金融数学的选考科目要求？,四川省考生报考金融数学选考科目的要求是什么？,1
新疆考生报考金融数学的选考科目要求？,新疆地区考生对金融数学选考科目有哪些要求？,1
河南省考生报考金融数学的选考科目要求？,河南省考生对金融数学选考科目有哪些要求？,1
云南省考生报考金融数学的选考科目要求？,云南省考生报考金融数学选考科目有哪些要求？,1
广西省考生报考金融数学的选考科目要求？,广西省考生报考金融数学选考科目有哪些要求？,1
安徽省考生报考金融数学的选考科目要求？,安徽省考生报考金融数学选考科目的要求是什么？,1
内蒙古考生报考金融数学的选考科目要求？,内蒙古考生报考金融数学选考科目有什么要求？,1
江西省考生报考金融数学的选考科目要求？,江西省考生报考金融数学选考科目有什么要求？,1
山西省考生报考金融数学的选考科目要求？,山西省考生报考金融数学选考科目的要求是什么？,1
吉林省考生报考金融数学的选考科目要求？,吉林省考生报考金融数学选考科目有哪些要求？,1
甘肃省考生报考金融数学的选考科目要求？,甘肃省考生报考金融数学选考科目的要求是什么？,1
陕西省考生报考金融数学的选考科目要求？,陕西省考生报考金融数学选考科目有哪些要求？,1
贵州省考生报考数学与应用数学的选考科目要求？,贵州省考生报考数学与应用数学选考科目的要求是什么？,1
黑龙江省考生报考数学与应用数学的选考科目要求？,黑龙江省考生报考数学与应用数学选考科目的要求是什么？,1
四川省考生报考数学与应用数学的选考科目要求？,四川省考生报考数学与应用数学选考科目的要求是什么？,1
新疆考生报考数学与应用数学的选考科目要求？,新疆考生报考数学与应用数学选考科目的要求是什么？,1
河南省考生报考数学与应用数学的选考科目要求？,河南省考生报考数学与应用数学选考科目的要求是什么？,1
云南省考生报考数学与应用数学的选考科目要求？,云南省考生报考数学与应用数学选考科目的要求是什么？,1
广西省考生报考数学与应用数学的选考科目要求？,广西省考生报考数学与应用数学选考科目的要求是什么？,1
安徽省考生报考数学与应用数学的选考科目要求？,安徽省考生报考数学与应用数学选考科目的要求是什么？,1
内蒙古考生报考数学与应用数学的选考科目要求？,内蒙古考生报考数学与应用数学选考科目的要求是什么？,1
江西省考生报考数学与应用数学的选考科目要求？,江西省考生报考数学与应用数学选考科目的要求是什么？,1
山西省考生报考数学与应用数学的选考科目要求？,山西省考生报考数学与应用数学选考科目的要求是什么？,1
吉林省考生报考数学与应用数学的选考科目要求？,吉林省考生报考数学与应用数学选考科目的要求是什么？,1
甘肃省考生报考数学与应用数学的选考科目要求？,甘肃省考生报考数学与应用数学选考科目的要求是什么？,1
陕西省考生报考数学与应用数学的选考科目要求？,陕西省考生报考数学与应用数学选考科目的要求是什么？,1
贵州省考生报考音乐表演的选考科目要求？,贵州省考生报考音乐表演选考科目有什么要求？,1
黑龙江省考生报考音乐表演的选考科目要求？,黑龙江省考生报考音乐表演选考科目有什么要求？,1
四川省考生报考音乐表演的选考科目要求？,四川省考生报考音乐表演选考科目有哪些要求？,1
新疆考生报考音乐表演的选考科目要求？,新疆考生报考音乐表演专业的选考科目有哪些要求？,1
河南省考生报考音乐表演的选考科目要求？,河南考生报考音乐表演的选考科目有哪些要求？,1
云南省考生报考音乐表演的选考科目要求？,云南省考生报考音乐表演选考科目有哪些要求？,1
广西省考生报考音乐表演的选考科目要求？,广西考生报考音乐表演的选考科目有哪些要求？,1
安徽省考生报考音乐表演的选考科目要求？,安徽省考生报考音乐表演的选考科目有哪些要求？,1
内蒙古考生报考音乐表演的选考科目要求？,内蒙古考生报考音乐表演的选考科目有哪些要求？,1
江西省考生报考音乐表演的选考科目要求？,江西省考生报考音乐表演的选考科目有哪些要求？,1
山西省考生报考音乐表演的选考科目要求？,山西省考生报考音乐表演专业选考科目有哪些要求？,1
吉林省考生报考音乐表演的选考科目要求？,吉林省考生报考音乐表演的选考科目有哪些要求？,1
甘肃省考生报考音乐表演的选考科目要求？,甘肃省考生报考音乐表演的选考科目有哪些要求？,1
陕西省考生报考音乐表演的选考科目要求？,陕西省考生报考音乐表演的选考科目有哪些要求？,1
贵州省考生报考人工智能的选考科目要求？,贵州省考生报考人工智能的选考科目有哪些要求？,1
黑龙江省考生报考人工智能的选考科目要求？,黑龙江省考生报考人工智能有哪些要求？,1
四川省考生报考人工智能的选考科目要求？,四川省考生报考人工智能有哪些要求？,1
新疆考生报考人工智能的选考科目要求？,新疆地区考生报考人工智能的选考科目有哪些要求？,1
河南省考生报考人工智能的选考科目要求？,河南省考生报考人工智能的选考科目有哪些要求？,1
云南省考生报考人工智能的选考科目要求？,云南省考生报考人工智能的选考科目有哪些要求？,1
广西省考生报考人工智能的选考科目要求？,广西省考生报考人工智能的选考科目有哪些要求？,1
安徽省考生报考人工智能的选考科目要求？,安徽省考生报考人工智能有哪些要求？,1
内蒙古考生报考人工智能的选考科目要求？,内蒙古考生报考人工智能的选考科目有哪些要求？,1
江西省考生报考人工智能的选考科目要求？,江西省考生报考人工智能选考科目有哪些要求？,1
山西省考生报考人工智能的选考科目要求？,山西省考生报考人工智能选考科目有哪些要求？,1
吉林省考生报考人工智能的选考科目要求？,吉林省考生报考人工智能的选考科目有哪些要求？,1
甘肃省考生报考人工智能的选考科目要求？,甘肃省考生报考人工智能有哪些要求？,1
陕西省考生报考人工智能的选考科目要求？,陕西省考生报考人工智能的选考科目有哪些要求？,1
北京市考生报考工商管理类的选考科目要求？,北京地区考生报考工商管理的选考科目有哪些要求？,1
天津市考生报考工商管理类的选考科目要求？,天津市考生报考工商管理类选考科目有哪些要求？,1
上海市考生报考工商管理类的选考科目要求？,上海地区考生报考工商管理类选考科目有哪些要求？,1
浙江省考生报考工商管理类的选考科目要求？,浙江省考生报考工商管理类选考科目的要求是什么？,1
山东省考生报考工商管理类的选考科目要求？,山东省考生报考工商管理类选考科目有哪些要求？,1
海南省考生报考工商管理类的选考科目要求？,海南省考生报考工商管理类选考科目有什么要求？,1
北京市考生报考新闻传播类的选考科目要求？,北京市考生报考新闻传播学专业选考科目有哪些要求？,1
天津市考生报考新闻传播类的选考科目要求？,天津市考生报考新闻传播学选考科目有什么要求？,1
上海市考生报考新闻传播类的选考科目要求？,上海考生报考新闻传播学的选考科目有哪些要求？,1
浙江省考生报考新闻传播类的选考科目要求？,浙江省考生报考新闻与传播学的选考科目有哪些要求？,1
山东省考生报考新闻传播类的选考科目要求？,山东省考生报考新闻传播学的选考科目有哪些要求？,1
海南省考生报考新闻传播类的选考科目要求？,海南省考生报考新闻传播学选考科目有哪些要求？,1
北京市考生报考外国语言文学的选考科目要求？,北京市考生报考外国语言文学类选考科目的要求是什么？,1
天津市考生报考外国语言文学的选考科目要求？,天津市考生报考外国语言文学类选考科目有什么要求？,1
上海市考生报考外国语言文学的选考科目要求？,上海考生报考外国语言文学选修科目的要求是什么？,1
浙江省考生报考外国语言文学的选考科目要求？,浙江省考生报考外国语言文学选考科目的要求是什么？,1
山东省考生报考外国语言文学的选考科目要求？,山东省考生报考外国语言文学选考科目的要求是什么？,1
海南省考生报考外国语言文学的选考科目要求？,海南省考生对外国语言文学类选考科目有什么要求？,1
北京市考生报考计算机类的选考科目要求？,北京市考生报考计算机类的选考科目有哪些要求？,1
天津市考生报考计算机类的选考科目要求？,天津市考生报考计算机类专业有哪些要求？,1
上海市考生报考计算机类的选考科目要求？,上海市考生报考计算机类的选考科目有哪些要求？,1
浙江省考生报考计算机类的选考科目要求？,浙江省考生报考计算机类专业有什么要求？,1
山东省考生报考计算机类的选考科目要求？,山东省考生报考计算机类选考科目是否有要求？,1
海南省考生报考计算机类的选考科目要求？,海南省考生报考计算机类专业有什么要求？,1
北京市考生报考会计学的选考科目要求？,北京市考生报考会计类选考科目有什么要求？,1
天津市考生报考会计学的选考科目要求？,天津市考生报考会计学选考科目有什么要求？,1
上海市考生报考会计学的选考科目要求？,上海考生报考会计学选考科目有什么要求？,1
浙江省考生报考会计学的选考科目要求？,浙江省考生报考会计学选考科目的要求是什么？,1
山东省考生报考会计学的选考科目要求？,山东省考生报考会计学选考科目有哪些要求？,1
海南省考生报考会计学的选考科目要求？,海南省考生报考会计学选考科目有哪些要求？,1
北京市考生报考经济学的选考科目要求？,北京市考生报考经济类选考科目的要求是什么？,1
天津市考生报考经济学的选考科目要求？,天津市考生报考经济类选考科目的要求是什么？,1
上海市考生报考经济学的选考科目要求？,上海市考生报考经济学选考科目的要求是什么？,1
浙江省考生报考经济学的选考科目要求？,浙江省考生报考经济学选考科目的要求是什么？,1
山东省考生报考经济学的选考科目要求？,山东省考生报考经济学选考科目的要求是什么？,1
海南省考生报考经济学的选考科目要求？,海南省考生报考经济学选考科目的要求是什么？,1
北京市考生报考社会学的选考科目要求？,北京市考生报考社会学选考科目的要求是什么？,1
天津市考生报考社会学的选考科目要求？,天津市考生报考社会学选考科目的要求是什么？,1
上海市考生报考社会学的选考科目要求？,上海市考生报考社会学选考科目的要求是什么？,1
浙江省考生报考社会学的选考科目要求？,浙江省考生报考社会学选考科目的要求是什么？,1
山东省考生报考社会学的选考科目要求？,山东省考生报考社会学选考科目有哪些要求？,1
海南省考生报考社会学的选考科目要求？,海南省考生报考社会学选考科目的要求是什么？,1
北京市考生报考应用心理学的选考科目要求？,北京市考生报考应用心理学选考科目的要求是什么？,1
天津市考生报考应用心理学的选考科目要求？,天津市考生报考应用心理学选考科目的要求是什么？,1
上海市考生报考应用心理学的选考科目要求？,上海地区考生对应用心理学选考科目的要求是什么？,1
浙江省考生报考应用心理学的选考科目要求？,浙江省考生报考应用心理学选考科目的要求是什么？,1
山东省考生报考应用心理学的选考科目要求？,山东省考生报考应用心理学选考科目的要求是什么？,1
海南省考生报考应用心理学的选考科目要求？,海南省考生报考应用心理学选考科目的要求是什么？,1
北京市考生报考食品科学与工程的选考科目要求？,北京市考生报考食品科学与工程专业选考科目的要求是什么？,1
天津市考生报考食品科学与工程的选考科目要求？,天津市考生对食品科学与工程选考科目的要求是什么？,1
上海市考生报考食品科学与工程的选考科目要求？,上海市考生报考食品科学与工程专业选考科目有哪些要求？,1
浙江省考生报考食品科学与工程的选考科目要求？,浙江省考生对食品科学与工程选考科目有哪些要求？,1
山东省考生报考食品科学与工程的选考科目要求？,山东省考生报考食品科学与工程专业选考科目的要求是什么？,1
海南省考生报考食品科学与工程的选考科目要求？,海南省考生对食品科学与工程选考科目有哪些要求？,1
北京市考生报考环境科学的选考科目要求？,北京市考生对环境科学选考科目的要求是什么？,1
天津市考生报考环境科学的选考科目要求？,天津市考生报考环境科学专业选考科目有哪些要求？,1
上海市考生报考环境科学的选考科目要求？,上海市考生对环境科学选考科目的要求是什么？,1
浙江省考生报考环境科学的选考科目要求？,浙江省考生报考《环境科学》选考科目有哪些要求？,1
山东省考生报考环境科学的选考科目要求？,山东省考生报考《环境科学》选考科目的要求是什么？,1
海南省考生报考环境科学的选考科目要求？,海南省考生报考《环境科学》选考科目的要求是什么？,1
北京市考生报考统计学的选考科目要求？,北京市考生对统计学选考科目的要求是什么？,1
天津市考生报考统计学的选考科目要求？,天津市考生报考统计学选考科目的要求是什么？,1
上海市考生报考统计学的选考科目要求？,上海市考生报考统计学选考科目的要求是什么？,1
浙江省考生报考统计学的选考科目要求？,浙江省考生报考统计学选修科目的要求是什么？,1
山东省考生报考统计学的选考科目要求？,山东省考生报考统计学选考科目的要求是什么？,1
海南省考生报考统计学的选考科目要求？,海南省考生对统计学选考科目的要求是什么？,1
北京市考生报考金融数学的选考科目要求？,北京地区考生对金融数学选考科目的要求是什么？,1
天津市考生报考金融数学的选考科目要求？,天津市考生对金融数学选考科目的要求是什么？,1
上海市考生报考金融数学的选考科目要求？,上海地区考生对金融数学选考科目的要求是什么？,1
浙江省考生报考金融数学的选考科目要求？,浙江省考生报考金融数学选考科目的要求是什么？,1
山东省考生报考金融数学的选考科目要求？,山东省考生报考金融数学选考科目的要求是什么？,1
海南省考生报考金融数学的选考科目要求？,海南省考生对金融数学选考科目有哪些要求？,1
北京市考生报考数学与应用数学的选考科目要求？,北京市考生报考数学与应用数学选考科目的要求是什么？,1
天津市考生报考数学与应用数学的选考科目要求？,天津市考生报考数学与应用数学选考科目的要求是什么？,1
上海市考生报考数学与应用数学的选考科目要求？,上海市考生对数学与应用数学选考科目的要求是什么？,1
浙江省考生报考数学与应用数学的选考科目要求？,浙江省考生报考数学与应用数学选考科目的要求是什么？,1
山东省考生报考数学与应用数学的选考科目要求？,山东省考生报考数学与应用数学选考科目的要求是什么？,1
海南省考生报考数学与应用数学的选考科目要求？,海南省考生报考数学与应用数学选考科目的要求是什么？,1
北京市考生报考音乐表演的选考科目要求？,北京考生报考音乐表演专业对选考科目有什么要求？,1
天津市考生报考音乐表演的选考科目要求？,天津市考生报考音乐表演的选考科目有哪些要求？,1
上海市考生报考音乐表演的选考科目要求？,上海考生报考音乐表演的选考科目有哪些要求？,1
浙江省考生报考音乐表演的选考科目要求？,浙江省考生报考音乐表演的选考科目有哪些要求？,1
山东省考生报考音乐表演的选考科目要求？,山东考生报考音乐表演的选考科目有哪些要求？,1
海南省考生报考音乐表演的选考科目要求？,海南省考生报考音乐表演的选考科目有哪些要求？,1
北京市考生报考人工智能的选考科目要求？,北京市考生报考人工智能选考科目有哪些要求？,1
天津市考生报考人工智能的选考科目要求？,天津市考生报考人工智能选考科目的要求是什么？,1
上海市考生报考人工智能的选考科目要求？,上海考生报考人工智能选考科目的要求是什么？,1
浙江省考生报考人工智能的选考科目要求？,浙江省考生报考人工智能选考科目的要求是什么？,1
山东省考生报考人工智能的选考科目要求？,山东省考生报考人工智能选考科目有哪些要求？,1
海南省考生报考人工智能的选考科目要求？,海南省考生报考人工智能选考科目有哪些要求？,1
河北省考生报考工商管理类的选考科目要求？,河北省考生报考工商管理类选考科目的要求是什么？,1
辽宁省考生报考工商管理类的选考科目要求？,辽宁省考生报考工商管理类选考科目有哪些要求？,1
江苏省考生报考工商管理类的选考科目要求？,江苏省考生报考工商管理类选考科目有哪些要求？,1
福建省考生报考工商管理类的选考科目要求？,福建省考生报考工商管理类选考科目有哪些要求？,1
湖北省考生报考工商管理类的选考科目要求？,湖北省考生报考工商管理类选考科目有哪些要求？,1
湖南省考生报考工商管理类的选考科目要求？,湖南省考生报考工商管理类选考科目的要求是什么？,1
广东省考生报考工商管理类的选考科目要求？,广东省考生报考工商管理类选考科目的要求是什么？,1
重庆省考生报考工商管理类的选考科目要求？,重庆市考生报考工商管理类选考科目的要求是什么？,1
河北省考生报考新闻传播类的选考科目要求？,河北省考生报考新闻传播学专业选考科目有哪些要求？,1
辽宁省考生报考新闻传播类的选考科目要求？,辽宁省考生报考新闻传播学选考科目有什么要求？,1
江苏省考生报考新闻传播类的选考科目要求？,江苏省考生报考新闻传播学选考科目有哪些要求？,1
福建省考生报考新闻传播类的选考科目要求？,福建省考生报考新闻传播学选考科目有哪些要求？,1
湖北省考生报考新闻传播类的选考科目要求？,湖北省考生报考新闻传播学选考科目有哪些要求？,1
湖南省考生报考新闻传播类的选考科目要求？,湖南省考生报考新闻传播学专业选考科目的要求是什么？,1
广东省考生报考新闻传播类的选考科目要求？,广东省考生报考新闻传播学选考科目有什么要求？,1
重庆省考生报考新闻传播类的选考科目要求？,重庆市考生报考新闻传播学选考科目有哪些要求？,1
河北省考生报考外国语言文学的选考科目要求？,河北省考生报考外国语言文学专业选考科目有哪些要求？,1
辽宁省考生报考外国语言文学的选考科目要求？,辽宁省考生对外国语言文学选考科目的要求是什么？,1
江苏省考生报考外国语言文学的选考科目要求？,江苏省考生报考外国语言文学选考科目的要求是什么？,1
福建省考生报考外国语言文学的选考科目要求？,福建省考生报考外国语言文学选考科目的要求是什么？,1
湖北省考生报考外国语言文学的选考科目要求？,湖北省考生报考外国语言文学选考科目的要求是什么？,1
湖南省考生报考外国语言文学的选考科目要求？,湖南省考生报考外国语言文学选考科目的要求是什么？,1
广东省考生报考外国语言文学的选考科目要求？,广东省考生报考外国语言文学选考科目的要求是什么？,1
重庆省考生报考外国语言文学的选考科目要求？,重庆市考生报考外国语言文学选考科目的要求是什么？,1
河北省考生报考计算机类的选考科目要求？,河北省考生报考计算机专业的要求是什么？,1
辽宁省考生报考计算机类的选考科目要求？,辽宁省考生报考计算机专业有哪些要求？,1
江苏省考生报考计算机类的选考科目要求？,江苏省考生报考计算机专业有哪些要求？,1
福建省考生报考计算机类的选考科目要求？,福建省考生报考计算机专业有什么要求？,1
湖北省考生报考计算机类的选考科目要求？,湖北省考生报考计算机专业有哪些要求？,1
湖南省考生报考计算机类的选考科目要求？,湖南省考生报考计算机专业有什么要求？,1
广东省考生报考计算机类的选考科目要求？,广东省考生报考计算机专业有什么要求？,1
重庆省考生报考计算机类的选考科目要求？,重庆省考生报考计算机专业有什么要求？,1
河北省考生报考会计学的选考科目要求？,河北省考生报考会计学专业对选考科目有什么要求？,1
辽宁省考生报考会计学的选考科目要求？,辽宁省考生报考会计学选考科目有哪些要求？,1
江苏省考生报考会计学的选考科目要求？,江苏省考生报考会计学选考科目有哪些要求？,1
福建省考生报考会计学的选考科目要求？,福建省考生报考会计学选考科目有哪些要求？,1
湖北省考生报考会计学的选考科目要求？,湖北省考生报考会计学选考科目的要求是什么？,1
湖南省考生报考会计学的选考科目要求？,湖南省考生报考会计学选考科目的要求是什么？,1
广东省考生报考会计学的选考科目要求？,广东省考生报考会计学选考科目的要求是什么？,1
重庆省考生报考会计学的选考科目要求？,重庆市考生报考会计学选考科目有哪些要求？,1
河北省考生报考经济学的选考科目要求？,河北省考生报考经济类选考科目的要求是什么？,1
辽宁省考生报考经济学的选考科目要求？,辽宁省考生报考经济类选考科目的要求是什么？,1
江苏省考生报考经济学的选考科目要求？,江苏省考生报考经济类选考科目的要求是什么？,1
福建省考生报考经济学的选考科目要求？,福建省考生报考经济学选考科目的要求是什么？,1
湖北省考生报考经济学的选考科目要求？,湖北省考生报考经济类选考科目的要求是什么？,1
湖南省考生报考经济学的选考科目要求？,湖南省考生报考经济学选考科目的要求是什么？,1
广东省考生报考经济学的选考科目要求？,广东省考生报考经济学选考科目的要求是什么？,1
重庆省考生报考经济学的选考科目要求？,重庆市考生报考经济学选考科目的要求是什么？,1
河北省考生报考社会学的选考科目要求？,河北省考生报考社会学选考科目的要求是什么？,1
辽宁省考生报考社会学的选考科目要求？,辽宁省考生报考社会学选考科目的要求是什么？,1
江苏省考生报考社会学的选考科目要求？,江苏省考生报考社会学选考科目的要求是什么？,1
福建省考生报考社会学的选考科目要求？,福建省考生报考社会学选考科目的要求是什么？,1
湖北省考生报考社会学的选考科目要求？,湖北省考生报考社会学选考科目的要求是什么？,1
湖南省考生报考社会学的选考科目要求？,湖南省考生报考社会学选考科目的要求是什么？,1
广东省考生报考社会学的选考科目要求？,广东省考生报考社会学选考科目的要求是什么？,1
重庆省考生报考社会学的选考科目要求？,重庆市考生报考社会学选考科目的要求是什么？,1
河北省考生报考应用心理学的选考科目要求？,河北省考生报考应用心理学选考科目的要求是什么？,1
辽宁省考生报考应用心理学的选考科目要求？,辽宁省考生报考应用心理学选考科目的要求是什么？,1
江苏省考生报考应用心理学的选考科目要求？,江苏省考生报考应用心理学选考科目的要求是什么？,1
福建省考生报考应用心理学的选考科目要求？,福建省考生报考应用心理学选考科目的要求是什么？,1
湖北省考生报考应用心理学的选考科目要求？,湖北省考生报考应用心理学选考科目的要求是什么？,1
湖南省考生报考应用心理学的选考科目要求？,湖南省考生报考应用心理学选考科目的要求是什么？,1
广东省考生报考应用心理学的选考科目要求？,广东省考生报考应用心理学选考科目的要求是什么？,1
重庆省考生报考应用心理学的选考科目要求？,重庆市考生报考应用心理学选考科目的要求是什么？,1
河北省考生报考食品科学与工程的选考科目要求？,河北省考生报考食品科学与工程专业选考科目的要求是什么？,1
辽宁省考生报考食品科学与工程的选考科目要求？,辽宁省考生对食品科学与工程选考科目有什么要求？,1
江苏省考生报考食品科学与工程的选考科目要求？,江苏省考生报考食品科学与工程专业选考科目的要求是什么？,1
福建省考生报考食品科学与工程的选考科目要求？,福建省考生报考食品科学与工程专业选考科目有哪些要求？,1
湖北省考生报考食品科学与工程的选考科目要求？,湖北省考生报考食品科学与工程专业选考科目的要求是什么？,1
湖南省考生报考食品科学与工程的选考科目要求？,湖南省考生报考食品科学与工程专业选考科目的要求是什么？,1
广东省考生报考食品科学与工程的选考科目要求？,广东省考生报考食品科学与工程专业选考科目有哪些要求？,1
重庆省考生报考食品科学与工程的选考科目要求？,重庆市考生报考食品科学与工程专业选考科目有哪些要求？,1
河北省考生报考环境科学的选考科目要求？,河北省考生报考环境科学选考科目的要求是什么？,1
辽宁省考生报考环境科学的选考科目要求？,辽宁省考生报考环境科学专业选考科目有哪些要求？,1
江苏省考生报考环境科学的选考科目要求？,江苏省考生报考《环境科学》选考科目的要求是什么？,1
福建省考生报考环境科学的选考科目要求？,福建省考生报考《环境科学》选考科目的要求是什么？,1
湖北省考生报考环境科学的选考科目要求？,湖北省考生报考《环境科学》选考科目的要求是什么？,1
湖南省考生报考环境科学的选考科目要求？,湖南省考生报考《环境科学》选考科目的要求是什么？,1
广东省考生报考环境科学的选考科目要求？,广东省考生报考《环境科学》选考科目的要求是什么？,1
重庆省考生报考环境科学的选考科目要求？,重庆市考生报考《环境科学》选考科目的要求是什么？,1
河北省考生报考统计学的选考科目要求？,河北省考生对统计学选考科目的要求是什么？,1
辽宁省考生报考统计学的选考科目要求？,辽宁省考生对统计学选考科目的要求是什么？,1
江苏省考生报考统计学的选考科目要求？,江苏省考生对统计学选考科目有哪些要求？,1
福建省考生报考统计学的选考科目要求？,福建省考生报考统计学选考科目的要求是什么？,1
湖北省考生报考统计学的选考科目要求？,湖北省考生报考统计学选修科目的要求是什么？,1
湖南省考生报考统计学的选考科目要求？,湖南省考生报考统计学选考科目的要求是什么？,1
广东省考生报考统计学的选考科目要求？,广东省考生报考统计学选考科目的要求是什么？,1
重庆省考生报考统计学的选考科目要求？,重庆市考生报考统计学选考科目的要求是什么？,1
河北省考生报考金融数学的选考科目要求？,河北省考生报考金融数学选考科目的要求是什么？,1
辽宁省考生报考金融数学的选考科目要求？,辽宁省考生报考金融数学选考科目有哪些要求？,1
江苏省考生报考金融数学的选考科目要求？,江苏省考生报考金融数学选考科目有哪些要求？,1
福建省考生报考金融数学的选考科目要求？,福建省考生报考金融数学选考科目有哪些要求？,1
湖北省考生报考金融数学的选考科目要求？,湖北省考生报考金融数学选考科目的要求是什么？,1
湖南省考生报考金融数学的选考科目要求？,湖南省考生报考金融数学选考科目的要求是什么？,1
广东省考生报考金融数学的选考科目要求？,广东省考生报考金融数学选考科目的要求是什么？,1
重庆省考生报考金融数学的选考科目要求？,重庆市考生报考金融数学选考科目的要求是什么？,1
河北省考生报考数学与应用数学的选考科目要求？,河北省考生报考数学与应用数学选考科目的要求是什么？,1
辽宁省考生报考数学与应用数学的选考科目要求？,辽宁省考生报考数学与应用数学选考科目的要求是什么？,1
江苏省考生报考数学与应用数学的选考科目要求？,江苏省考生报考数学与应用数学选考科目的要求是什么？,1
福建省考生报考数学与应用数学的选考科目要求？,福建省考生报考数学与应用数学选考科目的要求是什么？,1
湖北省考生报考数学与应用数学的选考科目要求？,湖北省考生报考数学与应用数学选考科目的要求是什么？,1
湖南省考生报考数学与应用数学的选考科目要求？,湖南省考生报考数学与应用数学选考科目的要求是什么？,1
广东省考生报考数学与应用数学的选考科目要求？,广东省考生报考数学与应用数学选考科目的要求是什么？,1
重庆省考生报考数学与应用数学的选考科目要求？,重庆市考生报考数学与应用数学选考科目的要求是什么？,1
河北省考生报考音乐表演的选考科目要求？,河北省考生报考音乐表演的选考科目有哪些要求？,1
辽宁省考生报考音乐表演的选考科目要求？,辽宁省考生报考音乐表演选考科目有哪些要求？,1
江苏省考生报考音乐表演的选考科目要求？,江苏省考生报考音乐表演的选考科目有哪些要求？,1
福建省考生报考音乐表演的选考科目要求？,福建省考生报考音乐表演专业选考科目有哪些要求？,1
湖北省考生报考音乐表演的选考科目要求？,湖北省考生报考音乐表演的选考科目有哪些要求？,1
湖南省考生报考音乐表演的选考科目要求？,湖南考生报考音乐表演的选考科目有哪些要求？,1
广东省考生报考音乐表演的选考科目要求？,广东省考生报考音乐表演的选考科目有哪些要求？,1
重庆省考生报考音乐表演的选考科目要求？,重庆市考生报考音乐表演的选考科目有哪些要求？,1
河北省考生报考人工智能的选考科目要求？,河北省考生报考人工智能选考科目的要求是什么？,1
辽宁省考生报考人工智能的选考科目要求？,辽宁省考生报考人工智能有哪些要求？,1
江苏省考生报考人工智能的选考科目要求？,江苏省考生报考人工智能的选考科目有哪些要求？,1
福建省考生报考人工智能的选考科目要求？,福建省考生报考人工智能的选考科目有哪些要求？,1
湖北省考生报考人工智能的选考科目要求？,湖北省考生报考人工智能选考科目有哪些要求？,1
湖南省考生报考人工智能的选考科目要求？,湖南省考生报考人工智能选考科目有哪些要求？,1
广东省考生报考人工智能的选考科目要求？,广东省考生报考人工智能选考科目的要求是什么？,1
重庆省考生报考人工智能的选考科目要求？,重庆省考生报考人工智能的要求是什么？,1
就读UIC的相关费用有哪些？,在UIC学习的相关费用是多少？,1
就读UIC的学费是多少？,UIC的学费是多少？,1
UIC的住宿费是多少？,UIC的住宿费用是多少？,1
UIC设有哪些入学奖学金？,UIC提供哪些入学奖学金？,1
UIC设有哪些奖助学金？,UIC提供哪些奖学金？,1
提供哪些小语种可以学习？,有哪些语言可供学习？,1
辅修专业有单独证书吗？,辅修专业是否有单独的证书？,1
2022年非高考改革省份有哪些？,2022年的非高考改革省份有哪些？,1
2022年“3+3”新高考改革省市有？,"2022年有哪些省市会进行 ""3+3 ""新高考改革？",1
2022年“3+1+2”新高考改革省市有？,"2022年是否有省市将改革 ""3+1+2 ""新高考？",0
UIC的办学性质是什么？,UIC业务的性质是什么？,1
学校现在有多少在校生？,这所学校目前招收了多少学生？,1
UIC的全称是什么？,UIC的全名是什么？,1
北师港浸大的全称是什么？,香港浸会大学北区的全名是什么？,1
简单介绍一下UIC,UIC简介,1
UIC是什么？,什么是UIC？,1
UIC办学定位是什么？,UIC的定位是什么？,1
UIC的办学层次是什么？,UIC的运作水平如何？,0
UIC的专业有什么？,UIC的专业是什么？,1
UIC的教学质量怎么保证？,UIC的教学质量如何保证？,1
可否转专业？,我可以换专业吗？,1
怎么转专业?,我该如何改变专业？,1
依据大类专业入读的学生，将如何分流？,学生是如何根据专业被UIC录取的？,1
UIC统招本科生颁发何种毕业证书？,UIC本科生获得什么样的文凭？,1
UIC颁发的香港浸会大学的学士学位证为什么有“荣誉”二字？,为什么UIC授予的香港浸会大学学士学位上有“荣誉”二字？,1
UIC的教育模式是怎样的？,UIC的教育模式是什么？,1
博雅教育是什么？,什么是文科教育？,0
UIC的副修课程有什么？,UIC的次要课程是什么？,1
工商管理学部的副修课程有什么？,工商管理系有哪些辅修课程？,1
人文与社会科学学部的副修课程有什么？,人文社会科学学院有哪些辅修课程？,1
理工科技学部的副修课程有什么？,科学、工程和技术学院有哪些辅修课程？,1
文化与创意学部的副修课程有什么？,文化与创意研究系有哪些辅修课程？,1
国际化教育是什么？,什么是国际教育？,1
简要介绍一下英文教学,浅谈英语教育,1
简要介绍一下国际化课程,什么是国际化课程？,1
全人教育是什么？,什么是全人教育？,1
四维教育是什么？,什么是四维教育？,1
学校毕业生的深造就业情况如何？,学校毕业生的继续教育和就业情况如何？,1
苑舍的情况怎么样?,校园的情况如何？,1
学校有什么课余活动?,学校有什么课外活动？,1
学校对大一新生提供哪些辅导及个人成长帮助?,学校为新生提供什么样的辅导和个人成长帮助？,1
什么是导师关顾计划？,什么是导师关怀计划？,1
可以进行哪些出国学习？,有哪些留学项目？,1
本科招生热线是什么？,什么是本科生招生热线？,1
传真号码是什么？,传真号码是多少？,1
招生咨询邮箱是什么？,招生咨询电子邮件地址是什么？,1
学校招生办的通讯地址是什么？,学校招生办公室的邮寄地址是什么？,1
学校官网网址是什么？,这所大学的网站是什么？,1
港澳台侨联招、台湾学测考生招生咨询渠道是什么？,香港、澳门、台湾、澳门联合招生和台湾学术考试考生的招生咨询渠道是什么？,1
国际学生本科招生在哪里咨询？,我在哪里可以获得关于国际本科生入学的建议？,1
授课型研究生专业咨询方式？,教授研究生课程的咨询渠道是什么？,1
研究型硕士、博士研究生项目咨询方式？,我如何查询以研究为基础的硕士和博士项目？,1
UIC招生信息网是什么,什么是UIC招生信息网络？,1
UIC的教育理念是什么？,UIC的教育哲学是什么？,1
UIC的数据科学课程如何？,UIC的数据科学项目怎么样？,1
如果我在UIC遇到学习问题怎么办？,如果我在UIC有学习问题怎么办？,1
UIC的师资力量如何？,UIC的教员是什么？,0
UIC的学术研究情况如何？,UIC的学术研究是什么？,0
UIC的位置在哪里？,UIC位于哪里？,1
UIC的战略定位是什么？,UIC的战略地位是什么？,1
UIC的招生方式是？,UIC的招生方法是什么？,1
UIC的副修课程是什么？,UIC的次要课程是什么？,1
UIC全人教育为学生提供了什么体验？,UIC全人教育为学生提供了什么样的体验？,1
UIC文科教育的目的？,UIC文科教育的目的是什么？,1
 UIC在哪些些省(市、区)招生？,UIC在哪些省（市和区）注册？,1
在全国（除广东省外）的考生，UIC的入学要求为？,全国（广东省除外）的UIC考生的入学要求是什么？,1
在全国（除广东省外）的考生，UIC的入学英语水平要求为？,全国（广东省除外）考生的英语水平要求是什么？,1
"广东省综合评价录取模式（631）是什么？
",广东省的综合评价录取模式是什么？,1
广东省综合评价录取模式报考UIC的报名资格？,UIC招生资格综合评价招生模式是啥？,1
广东省综合评价录取模式报考UIC的录取条件？,UIC的入学要求是什么？,1
广东省综合评价录取模式报考UIC的综合成绩构成及计算方法,广东省UIC综合得分的构成和计算方法是什么？,1
应届生学业水平合格性考试成绩计算例子？,计算新生学历资格考试成绩的例子是什么？,1
高考改革前的往届生学业水平合格性考试成绩如何计算？,高考改革前，如何计算前学生的学历资格考试成绩？,1
在广东省报考UIC艺术类专业（音乐表演专业）的入学要求？,广东UIC艺术专业（音乐表演专业）的入学要求是什么？,1
在福建省报考UIC艺术类专业（音乐表演专业）的入学要求？,福建省UIC艺术专业（音乐表演专业）的入学要求是什么？,1
在湖南省报考UIC艺术类专业（音乐表演专业）的入学要求？,湖南省UIC艺术（音乐表演）项目的入学要求是什么？,1
在安徽省报考UIC艺术类专业（音乐表演专业）的入学要求？,安徽省UIC艺术（音乐表演）项目的入学要求是什么？,1
在上海市报考UIC艺术类专业（音乐表演专业）的入学要求？,UIC在上海的艺术（音乐表演）课程的入学要求是什么？,1
在浙江省报考UIC艺术类专业（音乐表演专业）的入学要求？,浙江省UIC艺术项目（音乐表演）的入学要求是什么？,1
在山东省报考UIC艺术类专业（音乐表演专业）的入学要求？,山东省UIC艺术（音乐表演）项目的入学要求是什么？,1
贵州省考生报考工商管理类的选考科目要求？,贵州省考生申请工商管理专业的入学要求是什么？,1
黑龙江省考生报考工商管理类的选考科目要求？,黑龙江省考生的入学要求是什么？,0
四川省考生报考工商管理类的选考科目要求？,四川省考生的科目要求是什么？,0
新疆考生报考工商管理类的选考科目要求？,新疆考生的科目要求是什么？,0
河南省考生报考工商管理类的选考科目要求？,河南省考生的科目要求是什么？,0
云南省考生报考工商管理类的选考科目要求？,云南省考生的科目要求是什么？,0
广西省考生报考工商管理类的选考科目要求？,广西考生工商管理专业的科目要求是什么？,1
安徽省考生报考工商管理类的选考科目要求？,安徽省考生的科目要求是什么？,0
内蒙古考生报考工商管理类的选考科目要求？,内蒙古考生的科目要求是什么？,0
江西省考生报考工商管理类的选考科目要求？,江西省考生的科目要求是什么？,0
山西省古考生报考工商管理类的选考科目要求？,山西省考生的科目要求是什么？,0
吉林省考生报考工商管理类的选考科目要求？,吉林考生的科目要求是什么？,0
甘肃省考生报考工商管理类的选考科目要求？,甘肃省考生的科目要求是什么？,0
陕西省考生报考工商管理类的选考科目要求？,陕西省考生的科目要求是什么？,0
贵州省考生报考新闻传播类的选考科目要求？,贵州省考生的新闻与传播专业要求是什么？,1
黑龙江省考生报考新闻传播类的选考科目要求？,黑龙江省考生的科目要求是什么？,0
四川省考生报考新闻传播类的选考科目要求？,四川省考生的科目要求是什么？,0
新疆考生报考新闻传播类的选考科目要求？,新疆考生的科目要求是什么？,0
河南省考生报考新闻传播类的选考科目要求？,河南省考生的科目要求是什么？,0
云南省考生报考新闻传播类的选考科目要求？,云南省考生的科目要求是什么？,0
广西省考生报考新闻传播类的选考科目要求？,广西考生的科目要求是什么？,0
安徽省考生报考新闻传播类的选考科目要求？,安徽省考生的科目要求是什么？,0
内蒙古考生报考新闻传播类的选考科目要求？,内蒙古考生的科目要求是什么？,0
江西省考生报考新闻传播类的选考科目要求？,江西省考生的科目要求是什么？,0
山西省考生报考新闻传播类的选考科目要求？,山西省考生的科目要求是什么？,0
吉林省考生报考新闻传播类的选考科目要求？,吉林省考生的科目要求是什么？,0
甘肃省考生报考新闻传播类的选考科目要求？,甘肃省考生的科目要求是什么？,0
陕西省考生报考新闻传播类的选考科目要求？,陕西省考生的科目要求是什么？,0
贵州省考生报考外国语言文学的选考科目要求？,贵州省考生选修外语和文学的科目要求是什么？,1
黑龙江省考生报外国语言文学的选考科目要求？,黑龙江省考生选修外语和文学需要哪些科目？,1
四川省考生报考外国语言文学的选考科目要求？,四川省考生的科目要求是什么？,0
新疆考生报考外国语言文学的选考科目要求？,新疆考生的科目要求是什么？,0
河南省考生报考外国语言文学的选考科目要求？,河南省考生的科目要求是什么？,0
云南省考生报考外国语言文学的选考科目要求？,云南省考生的科目要求是什么？,0
广西省考生报考外国语言文学的选考科目要求？,广西考生的科目要求是什么？,0
安徽省考生报考外国语言文学的选考科目要求？,安徽省考生的科目要求是什么？,0
内蒙古考生报考外国语言文学的选考科目要求？,内蒙古考生的科目要求是什么？,0
江西省考生报考外国语言文学的选考科目要求？,江西省考生的科目要求是什么？,0
山西省考生报考外国语言文学的选考科目要求？,山西省考生的科目要求是什么？,0
吉林省考生报考外国语言文学的选考科目要求？,吉林省考生的科目要求是什么？,0
甘肃省考生报考外国语言文学的选考科目要求？,甘肃省考生的科目要求是什么？,0
陕西省考生报考外国语言文学的选考科目要求？,陕西省考生的科目要求是什么？,0
贵州省考生报考计算机类的选考科目要求？,贵州省考生对计算机科学的学科要求是什么？,1
黑龙江省考生报计算机类的选考科目要求？,黑龙江省考生对计算机科学的学科要求是什么？,1
四川省考生报考计算机类的选考科目要求？,四川省考生的科目要求是什么？,0
新疆考生报考计算机类的选考科目要求？,新疆计算机科学专业申请人的学科要求是什么？,1
河南省考生报考计算机类的选考科目要求？,河南省计算机科学的学科要求是什么？,1
云南省考生报考计算机类的选考科目要求？,云南省计算机科学的学科要求是什么？,1
广西省考生报考计算机类的选考科目要求？,广西考生对计算机科学的学科要求是什么？,1
安徽省考生报考计算机类的选考科目要求？,安徽省计算机科学的学科要求是什么？,1
内蒙古考生报考计算机类的选考科目要求？,内蒙古考生对计算机科学的学科要求是什么？,1
江西省考生报考计算机类的选考科目要求？,江西省计算机科学专业申请人的学科要求是什么？,1
山西省考生报考计算机类的选考科目要求？,山西省考生对计算机科学的学科要求是什么？,1
吉林省考生报考计算机类的选考科目要求？,吉林省计算机科学专业申请人的学科要求是什么？,1
甘肃省考生报考计算机类的选考科目要求？,甘肃省计算机科学专业申请人的学科要求是什么？,1
陕西省考生报考计算机类的选考科目要求？,陕西省考生对计算机科学的学科要求是什么？,1
贵州省考生报考会计学的选考科目要求？,贵州省报考会计专业的考生需要哪些科目？,1
黑龙江省考生报考会计学的选考科目要求？,黑龙江省报考会计专业需要哪些科目？,1
四川省考生报考会计学的选考科目要求？,四川省报考会计的考生需要哪些科目？,1
新疆考生报考会计学的选考科目要求？,新疆考生的必修科目是什么？,0
河南省考生报考会计学的选考科目要求？,河南省考生的必修科目是什么？,0
云南省考生报考会计学的选考科目要求？,云南省报考会计的考生需要哪些科目？,1
广西省考生报考会计学的选考科目要求？,广西考生报考会计需要哪些科目？,1
安徽省考生报考会计学的选考科目要求？,安徽省考生的必修科目是什么？,0
内蒙古考生报考会计学的选考科目要求？,内蒙古考生的必修科目是什么？,0
江西省考生报考会计学的选考科目要求？,江西省报考会计专业需要哪些科目？,1
山西省考生报考会计学的选考科目要求？,山西省报考会计专业需要哪些科目？,1
吉林省考生报考会计学的选考科目要求？,吉林报考会计的必修科目是什么？,1
甘肃省考生报考会计学的选考科目要求？,甘肃省报考会计需要哪些科目？,1
陕西省考生报考会计学的选考科目要求？,陕西省报考会计专业需要哪些科目？,1
贵州省考生报考经济学的选考科目要求？,贵州省经济学的学科要求是什么？,1
黑龙江省考生报考经济学的选考科目要求？,黑龙江省经济学的学科要求是什么？,1
四川省考生报考经济学的选考科目要求？,四川省经济学的学科要求是什么？,1
新疆考生报考经济学的选考科目要求？,新疆经济学的学科要求是什么？,1
河南省考生报考经济学的选考科目要求？,河南省经济学的学科要求是什么？,1
云南省考生报考经济学的选考科目要求？,云南省经济学的学科要求是什么？,1
广西省考生报考经济学的选考科目要求？,广西经济学的学科要求是什么？,1
安徽省考生报考经济学的选考科目要求？,安徽省经济学的学科要求是什么？,1
内蒙古考生报考经济学的选考科目要求？,内蒙古经济专业的学科要求是什么？,1
江西省考生报考经济学的选考科目要求？,江西省经济学的学科要求是什么？,1
山西省考生报考经济学的选考科目要求？,山西省经济学的学科要求是什么？,1
吉林省考生报考经济学的选考科目要求？,吉林省经济学的学科要求是什么？,1
甘肃省考生报考经济学的选考科目要求？,甘肃省经济学的学科要求是什么？,1
陕西省考生报考经济学的选考科目要求？,陕西省经济学的学科要求是什么？,1
贵州省考生报考社会学的选考科目要求？,贵州省考生社会学的学科要求是什么？,1
黑龙江省考生报考社会学的选考科目要求？,黑龙江省社会学的学科要求是什么？,1
四川省考生报考社会学的选考科目要求？,四川省社会学的学科要求是什么？,1
新疆考生报考社会学的选考科目要求？,社会学对新疆考生的学科要求是什么？,1
河南省考生报考社会学的选考科目要求？,河南省社会学的学科要求是什么？,1
云南省考生报考社会学的选考科目要求？,云南社会学的学科要求是什么？,1
广西省考生报考社会学的选考科目要求？,社会学对广西考生的学科要求是什么？,1
安徽省考生报考社会学的选考科目要求？,安徽省考生修社会学需要哪些科目？,1
内蒙古考生报考社会学的选考科目要求？,内蒙古考生修社会学需要哪些科目？,1
江西省考生报考社会学的选考科目要求？,江西省考生修社会学需要哪些科目？,1
山西省考生报考社会学的选考科目要求？,山西省考生修社会学需要哪些科目？,1
吉林省考生报考社会学的选考科目要求？,吉林省社会学的学科要求是什么？,1
甘肃省考生报考社会学的选考科目要求？,甘肃省考生修社会学需要哪些科目？,1
陕西省考生报考社会学的选考科目要求？,陕西省考生的科目要求是什么？,0
贵州省考生报考应用心理学的选考科目要求？,贵州省考生选修应用心理学需要哪些科目？,1
黑龙江省考生报考应用心理学的选考科目要求？,黑龙江省考生选修应用心理学需要哪些科目？,1
四川省考生报考应用心理学的选考科目要求？,四川省考生的科目要求是什么？,0
新疆考生报考应用心理学的选考科目要求？,新疆应用心理学的学科要求是什么？,1
河南省考生报考应用心理学的选考科目要求？,河南省考生的科目要求是什么？,0
云南省考生报考应用心理学的选考科目要求？,云南省考生的科目要求是什么？,0
广西省考生报考应用心理学的选考科目要求？,广西考生的科目要求是什么？,0
安徽省考生报考应用心理学的选考科目要求？,安徽省考生的科目要求是什么？,0
内蒙古考生报考应用心理学的选考科目要求？,内蒙古考生的科目要求是什么？,0
江西省考生报考应用心理学的选考科目要求？,江西考生选修应用心理学需要哪些科目？,1
山西省考生报考应用心理学的选考科目要求？,山西省考生的科目要求是什么？,0
吉林省考生报考应用心理学的选考科目要求？,吉林省考生选修应用心理学需要哪些科目？,1
甘肃省考生报考应用心理学的选考科目要求？,甘肃省考生的科目要求是什么？,0
陕西省考生报考应用心理学的选考科目要求？,陕西省考生选修应用心理学需要哪些科目？,1
贵州省考生报考食品科学与工程的选考科目要求？,贵州省食品科学与工程专业的考生需要哪些科目？,1
黑龙江省考生报考食品科学与工程的选考科目要求？,黑龙江省食品科学与工程专业的考生需要哪些科目？,1
四川省考生报考食品科学与工程的选考科目要求？,四川省考生的科目要求是什么？,0
新疆考生报考食品科学与工程的选考科目要求？,新疆考生的科目要求是什么？,0
河南省考生报考食品科学与工程的选考科目要求？,河南省考生的科目要求是什么？,0
云南省考生报考食品科学与工程的选考科目要求？,云南省考生的科目要求是什么？,0
广西省考生报考食品科学与工程的选考科目要求？,广西考生的科目要求是什么？,0
安徽省考生报考食品科学与工程的选考科目要求？,安徽省考生的科目要求是什么？,0
内蒙古考生报考食品科学与工程的选考科目要求？,内蒙古考生申请食品科学与工程专业需要哪些科目？,1
江西省考生报考食品科学与工程的选考科目要求？,江西省考生的科目要求是什么？,0
山西省考生报考食品科学与工程的选考科目要求？,山西省考生的科目要求是什么？,0
吉林省考生报考食品科学与工程的选考科目要求？,吉林省考生申请食品科学与工程专业需要哪些科目？,1
甘肃省考生报考食品科学与工程的选考科目要求？,甘肃省考生选修食品科学与工程专业需要哪些科目？,1
陕西省考生报考食品科学与工程的选考科目要求？,陕西省考生选修食品科学与工程专业需要哪些科目？,1
贵州省考生报考环境科学的选考科目要求？,贵州省考生选修环境科学需要哪些科目？,1
黑龙江省考生报考环境科学的选考科目要求？,黑龙江省考生选修环境科学需要哪些科目？,1
四川省考生报考环境科学的选考科目要求？,四川省考生选修环境科学需要哪些科目？,1
新疆考生报考环境科学的选考科目要求？,新疆环境科学的必修科目是什么？,1
河南省考生报考环境科学的选考科目要求？,河南省考生需要哪些科目？,0
云南省考生报考环境科学的选考科目要求？,云南省的考生选修环境科学需要哪些科目？,1
广西省考生报考环境科学的选考科目要求？,广西考生选修环境科学需要哪些科目？,1
安徽省考生报考环境科学的选考科目要求？,安徽省考生选修环境科学需要哪些科目？,1
内蒙古考生报考环境科学的选考科目要求？,内蒙古考生选修环境科学需要哪些科目？,1
江西省考生报考环境科学的选考科目要求？,江西省考生选修环境科学需要哪些科目？,1
山西省考生报考环境科学的选考科目要求？,山西省考生选修环境科学需要哪些科目？,1
吉林省考生报考环境科学的选考科目要求？,吉林省考生选修环境科学需要哪些科目？,1
甘肃省考生报考环境科学的选考科目要求？,甘肃省考生选修环境科学需要哪些科目？,1
陕西省考生报考环境科学的选考科目要求？,陕西省考生选修环境科学需要哪些科目？,1
贵州省考生报考统计学的选考科目要求？,贵州省考生需要哪些科目进行统计？,0
黑龙江省考生报考统计学的选考科目要求？,黑龙江省考生需要哪些科目进行统计？,0
四川省考生报考统计学的选考科目要求？,四川省考生的统计科目要求是什么？,1
新疆考生报考统计学的选考科目要求？,新疆考生的科目要求是什么？,0
河南省考生报考统计学的选考科目要求？,河南省考生的科目要求是什么？,0
云南省考生报考统计学的选考科目要求？,云南省考生的统计科目要求是什么？,1
广西省考生报考统计学的选考科目要求？,广西考生的统计科目要求是什么？,1
安徽省考生报考统计学的选考科目要求？,安徽省考生需要哪些科目进行统计？,0
内蒙古考生报考统计学的选考科目要求？,内蒙古考生的科目要求是什么？,0
江西省考生报考统计学的选考科目要求？,江西省考生需要哪些科目进行统计？,0
山西省考生报考统计学的选考科目要求？,山西省考生需要哪些科目进行统计？,0
吉林省考生报考统计学的选考科目要求？,吉林考生参加统计的必修科目是什么？,1
甘肃省考生报考统计学的选考科目要求？,甘肃省考生需要哪些科目进行统计？,0
陕西省考生报考统计学的选考科目要求？,陕西省考生的统计科目要求是什么？,1
贵州省考生报考金融数学的选考科目要求？,贵州省考生选修金融数学需要哪些科目？,1
黑龙江省考生报考金融数学的选考科目要求？,黑龙江省考生对金融数学的科目要求是什么？,1
四川省考生报考金融数学的选考科目要求？,四川省考生对金融数学的科目要求是什么？,1
新疆考生报考金融数学的选考科目要求？,新疆考生对金融数学的科目要求是什么？,1
河南省考生报考金融数学的选考科目要求？,河南省考生的科目要求是什么？,0
云南省考生报考金融数学的选考科目要求？,云南省考生的科目要求是什么？,0
广西省考生报考金融数学的选考科目要求？,广西考生对金融数学的科目要求是什么？,1
安徽省考生报考金融数学的选考科目要求？,安徽省考生的科目要求是什么？,0
内蒙古考生报考金融数学的选考科目要求？,内蒙古考生对金融数学的科目要求是什么？,1
江西省考生报考金融数学的选考科目要求？,江西省考生对金融数学的科目要求是什么？,1
山西省考生报考金融数学的选考科目要求？,山西省考生的科目要求是什么？,0
吉林省考生报考金融数学的选考科目要求？,吉林省考生的科目要求是什么？,0
甘肃省考生报考金融数学的选考科目要求？,甘肃省考生的科目要求是什么？,0
陕西省考生报考金融数学的选考科目要求？,陕西省考生的科目要求是什么？,0
贵州省考生报考数学与应用数学的选考科目要求？,贵州省考生对数学和应用数学的科目要求是什么？,1
黑龙江省考生报考数学与应用数学的选考科目要求？,黑龙江省考生对数学和应用数学的学科要求是什么？,1
四川省考生报考数学与应用数学的选考科目要求？,四川省考生对数学和应用数学的科目要求是什么？,1
新疆考生报考数学与应用数学的选考科目要求？,新疆考生对数学和应用数学的学科要求是什么？,1
河南省考生报考数学与应用数学的选考科目要求？,河南省考生对数学和应用数学的科目要求是什么？,1
云南省考生报考数学与应用数学的选考科目要求？,云南省考生的科目要求是什么？,0
广西省考生报考数学与应用数学的选考科目要求？,广西考生对数学和应用数学的学科要求是什么？,1
安徽省考生报考数学与应用数学的选考科目要求？,安徽省考生对数学和应用数学的学科要求是什么？,1
内蒙古考生报考数学与应用数学的选考科目要求？,内蒙古考生对数学和应用数学的学科要求是什么？,1
江西省考生报考数学与应用数学的选考科目要求？,江西省考生对数学和应用数学的学科要求是什么？,1
山西省考生报考数学与应用数学的选考科目要求？,山西省考生对数学和应用数学的学科要求是什么？,1
吉林省考生报考数学与应用数学的选考科目要求？,吉林省考生对数学和应用数学的学科要求是什么？,1
甘肃省考生报考数学与应用数学的选考科目要求？,甘肃省考生对数学和应用数学的科目要求是什么？,1
陕西省考生报考数学与应用数学的选考科目要求？,陕西省考生对数学和应用数学的学科要求是什么？,1
贵州省考生报考音乐表演的选考科目要求？,贵州省考生的音乐表演科目要求是什么？,1
黑龙江省考生报考音乐表演的选考科目要求？,黑龙江省音乐表演的科目要求是什么？,1
四川省考生报考音乐表演的选考科目要求？,四川省考生的音乐表演科目要求是什么？,1
新疆考生报考音乐表演的选考科目要求？,新疆音乐表演的科目要求是什么？,1
河南省考生报考音乐表演的选考科目要求？,河南省音乐表演的科目要求是什么？,1
云南省考生报考音乐表演的选考科目要求？,云南省音乐表演的科目要求是什么？,1
广西省考生报考音乐表演的选考科目要求？,广西考生的音乐表演科目要求是什么？,1
安徽省考生报考音乐表演的选考科目要求？,安徽省考生的音乐表演科目要求是什么？,1
内蒙古考生报考音乐表演的选考科目要求？,内蒙古考生的音乐表演科目要求是什么？,1
江西省考生报考音乐表演的选考科目要求？,江西省考生的音乐表演科目要求是什么？,1
山西省考生报考音乐表演的选考科目要求？,山西省考生的音乐表演科目要求是什么？,1
吉林省考生报考音乐表演的选考科目要求？,吉林省考生音乐表演的科目要求是什么？,1
甘肃省考生报考音乐表演的选考科目要求？,甘肃省考生的音乐表演科目要求是什么？,1
陕西省考生报考音乐表演的选考科目要求？,陕西省考生参加音乐表演的必修科目是什么？,1
贵州省考生报考人工智能的选考科目要求？,贵州省考生攻读人工智能需要哪些科目？,1
黑龙江省考生报考人工智能的选考科目要求？,黑龙江省考生攻读人工智能需要哪些科目？,1
四川省考生报考人工智能的选考科目要求？,四川省考生的科目要求是什么？,0
新疆考生报考人工智能的选考科目要求？,新疆考生的科目要求是什么？,0
河南省考生报考人工智能的选考科目要求？,河南省考生的科目要求是什么？,0
云南省考生报考人工智能的选考科目要求？,云南省考生的科目要求是什么？,0
广西省考生报考人工智能的选考科目要求？,广西考生的科目要求是什么？,0
安徽省考生报考人工智能的选考科目要求？,安徽省考生的科目要求是什么？,0
内蒙古考生报考人工智能的选考科目要求？,内蒙古考生的科目要求是什么？,0
江西省考生报考人工智能的选考科目要求？,江西省考生的科目要求是什么？,0
山西省考生报考人工智能的选考科目要求？,山西省考生的科目要求是什么？,0
吉林省考生报考人工智能的选考科目要求？,吉林省考生的科目要求是什么？,0
甘肃省考生报考人工智能的选考科目要求？,甘肃省考生的科目要求是什么？,0
陕西省考生报考人工智能的选考科目要求？,陕西省考生对人工智能的科目要求是什么？,1
北京市考生报考工商管理类的选考科目要求？,北京考生申请工商管理的科目要求是什么？,1
天津市考生报考工商管理类的选考科目要求？,天津考生的科目要求是什么？,0
上海市考生报考工商管理类的选考科目要求？,上海考生的科目要求是什么？,0
浙江省考生报考工商管理类的选考科目要求？,浙江省考生的科目要求是什么？,0
山东省考生报考工商管理类的选考科目要求？,山东省考生的科目要求是什么？,0
海南省考生报考工商管理类的选考科目要求？,海南省考生的科目要求是什么？,0
北京市考生报考新闻传播类的选考科目要求？,北京考生的新闻与传播专业要求是什么？,1
天津市考生报考新闻传播类的选考科目要求？,天津报考新闻与传播专业的考生的学科要求是什么？,1
上海市考生报考新闻传播类的选考科目要求？,上海考生的科目要求是什么？,0
浙江省考生报考新闻传播类的选考科目要求？,浙江省考生的科目要求是什么？,0
山东省考生报考新闻传播类的选考科目要求？,山东省考生的科目要求是什么？,0
海南省考生报考新闻传播类的选考科目要求？,海南省考生的科目要求是什么？,0
北京市考生报考外国语言文学的选考科目要求？,北京外国语言文学专业的考生有哪些科目要求？,1
天津市考生报考外国语言文学的选考科目要求？,天津外国语言文学专业的考生有哪些科目要求？,1
上海市考生报考外国语言文学的选考科目要求？,上海考生的科目要求是什么？,0
浙江省考生报考外国语言文学的选考科目要求？,浙江省考生的科目要求是什么？,0
山东省考生报考外国语言文学的选考科目要求？,山东省考生的科目要求是什么？,0
海南省考生报考外国语言文学的选考科目要求？,海南省考生的科目要求是什么？,0
北京市考生报考计算机类的选考科目要求？,北京考生对计算机科学的学科要求是什么？,1
天津市考生报考计算机类的选考科目要求？,天津对计算机科学的学科要求是什么？,1
上海市考生报考计算机类的选考科目要求？,上海考生对计算机科学的学科要求是什么？,1
浙江省考生报考计算机类的选考科目要求？,浙江省考生对计算机科学的学科要求是什么？,1
山东省考生报考计算机类的选考科目要求？,山东省计算机科学的学科要求是什么？,1
海南省考生报考计算机类的选考科目要求？,海南省考生对计算机科学的学科要求是什么？,1
北京市考生报考会计学的选考科目要求？,北京考生的会计科目要求是什么？,1
天津市考生报考会计学的选考科目要求？,天津考生学习会计的必修科目是什么？,0
上海市考生报考会计学的选考科目要求？,上海的科目要求是什么？,0
浙江省考生报考会计学的选考科目要求？,浙江省的考生需要修哪些科目的会计学？,1
山东省考生报考会计学的选考科目要求？,山东省报考会计专业需要哪些科目？,1
海南省考生报考会计学的选考科目要求？,海南省考生的科目要求是什么？,0
北京市考生报考经济学的选考科目要求？,北京考生对经济学的学科要求是什么？,1
天津市考生报考经济学的选考科目要求？,天津的经济学专业要求是什么？,1
上海市考生报考经济学的选考科目要求？,上海经济学的学科要求是什么？,1
浙江省考生报考经济学的选考科目要求？,浙江省考生对经济学的学科要求是什么？,1
山东省考生报考经济学的选考科目要求？,山东省经济学的学科要求是什么？,1
海南省考生报考经济学的选考科目要求？,海南省经济学的学科要求是什么？,1
北京市考生报考社会学的选考科目要求？,社会学对北京考生的学科要求是什么？,1
天津市考生报考社会学的选考科目要求？,天津社会学的学科要求是什么？,1
上海市考生报考社会学的选考科目要求？,社会学对上海考生的学科要求是什么？,0
浙江省考生报考社会学的选考科目要求？,浙江省考生修社会学需要哪些科目？,1
山东省考生报考社会学的选考科目要求？,山东省社会学的学科要求是什么？,1
海南省考生报考社会学的选考科目要求？,海南省考生的科目要求是什么？,0
北京市考生报考应用心理学的选考科目要求？,北京考生对应用心理学的学科要求是什么？,1
天津市考生报考应用心理学的选考科目要求？,天津应用心理学的学科要求是什么？,0
上海市考生报考应用心理学的选考科目要求？,上海考生的应用心理学专业要求是什么？,1
浙江省考生报考应用心理学的选考科目要求？,浙江省考生的科目要求是什么？,0
山东省考生报考应用心理学的选考科目要求？,山东省考生的科目要求是什么？,0
海南省考生报考应用心理学的选考科目要求？,海南省考生的科目要求是什么？,0
北京市考生报考食品科学与工程的选考科目要求？,北京食品科学与工程专业的考生的学科要求是什么？,0
天津市考生报考食品科学与工程的选考科目要求？,对天津考生的食品科学与工程专业的学科要求是什么？,1
上海市考生报考食品科学与工程的选考科目要求？,上海食品科学与工程专业的考生的学科要求是什么？,0
浙江省考生报考食品科学与工程的选考科目要求？,浙江省考生的科目要求是什么？,0
山东省考生报考食品科学与工程的选考科目要求？,山东省考生的科目要求是什么？,0
海南省考生报考食品科学与工程的选考科目要求？,海南省考生的科目要求是什么？,0
北京市考生报考环境科学的选考科目要求？,北京环境科学专业考生的科目要求是什么？,0
天津市考生报考环境科学的选考科目要求？,天津环境科学专业考生的学科要求是什么？,0
上海市考生报考环境科学的选考科目要求？,上海考生的环境科学专业要求是什么？,1
浙江省考生报考环境科学的选考科目要求？,浙江省的考生需要哪些科目来攻读环境科学？,1
山东省考生报考环境科学的选考科目要求？,山东省环境科学的学科要求是什么？,1
海南省考生报考环境科学的选考科目要求？,海南省的考生需要哪些科目来攻读环境科学？,1
北京市考生报考统计学的选考科目要求？,北京考生的统计科目要求是什么？,1
天津市考生报考统计学的选考科目要求？,天津考生参加统计的科目要求是什么？,0
上海市考生报考统计学的选考科目要求？,上海考生的统计科目要求是什么？,1
浙江省考生报考统计学的选考科目要求？,浙江省考生的科目要求是什么？,0
山东省考生报考统计学的选考科目要求？,山东省考生的统计科目要求是什么？,1
海南省考生报考统计学的选考科目要求？,海南省考生的统计科目要求是什么？,1
北京市考生报考金融数学的选考科目要求？,北京考生对金融数学的科目要求是什么？,1
天津市考生报考金融数学的选考科目要求？,天津考生对金融数学的科目要求是什么？,1
上海市考生报考金融数学的选考科目要求？,上海考生对金融数学的科目要求是什么？,1
浙江省考生报考金融数学的选考科目要求？,浙江省考生的科目要求是什么？,0
山东省考生报考金融数学的选考科目要求？,山东省考生对金融数学的科目要求是什么？,1
海南省考生报考金融数学的选考科目要求？,海南省考生的科目要求是什么？,0
北京市考生报考数学与应用数学的选考科目要求？,北京考生对数学和应用数学的学科要求是什么？,1
天津市考生报考数学与应用数学的选考科目要求？,天津的数学和应用数学考生的科目要求是什么？,1
上海市考生报考数学与应用数学的选考科目要求？,上海学生对数学和应用数学的科目要求是什么？,1
浙江省考生报考数学与应用数学的选考科目要求？,浙江省考生对数学和应用数学的科目要求是什么？,1
山东省考生报考数学与应用数学的选考科目要求？,山东省考生对数学和应用数学的学科要求是什么？,1
海南省考生报考数学与应用数学的选考科目要求？,海南省考生对数学和应用数学的学科要求是什么？,1
北京市考生报考音乐表演的选考科目要求？,北京考生的音乐表演科目要求是什么？,1
天津市考生报考音乐表演的选考科目要求？,天津考生的音乐表演科目要求是什么？,1
上海市考生报考音乐表演的选考科目要求？,上海考生的音乐表演科目要求是什么？,1
浙江省考生报考音乐表演的选考科目要求？,浙江省考生的音乐表演科目要求是什么？,1
山东省考生报考音乐表演的选考科目要求？,山东省考生的音乐表演科目要求是什么？,1
海南省考生报考音乐表演的选考科目要求？,海南省考生的音乐表演科目要求是什么？,1
北京市考生报考人工智能的选考科目要求？,北京考生对人工智能的科目要求是什么？,1
天津市考生报考人工智能的选考科目要求？,来自天津的人工智能考生的科目要求是什么？,1
上海市考生报考人工智能的选考科目要求？,上海考生的科目要求是什么？,0
浙江省考生报考人工智能的选考科目要求？,浙江省考生的科目要求是什么？,0
山东省考生报考人工智能的选考科目要求？,山东省考生的科目要求是什么？,0
海南省考生报考人工智能的选考科目要求？,海南省考生的科目要求是什么？,0
河北省考生报考工商管理类的选考科目要求？,河北省考生的科目要求是什么？,0
辽宁省考生报考工商管理类的选考科目要求？,辽宁省考生的科目要求是什么？,0
江苏省考生报考工商管理类的选考科目要求？,江苏省考生的科目要求是什么？,0
福建省考生报考工商管理类的选考科目要求？,福建省的科目要求是什么？,0
湖北省考生报考工商管理类的选考科目要求？,湖北省考生的科目要求是什么？,0
湖南省考生报考工商管理类的选考科目要求？,湖南省考生的科目要求是什么？,0
广东省考生报考工商管理类的选考科目要求？,广东省考生的科目要求是什么？,0
重庆省考生报考工商管理类的选考科目要求？,重庆考生的科目要求是什么？,0
河北省考生报考新闻传播类的选考科目要求？,河北省报考新闻与传播专业的考生的科目要求是什么？,1
辽宁省考生报考新闻传播类的选考科目要求？,辽宁省考生的新闻与传播专业要求是什么？,1
江苏省考生报考新闻传播类的选考科目要求？,江苏省考生的科目要求是什么？,0
福建省考生报考新闻传播类的选考科目要求？,福建省考生的科目要求是什么？,0
湖北省考生报考新闻传播类的选考科目要求？,湖北省考生的科目要求是什么？,0
湖南省考生报考新闻传播类的选考科目要求？,湖南省考生的科目要求是什么？,0
广东省考生报考新闻传播类的选考科目要求？,广东省考生的科目要求是什么？,0
重庆省考生报考新闻传播类的选考科目要求？,重庆考生的科目要求是什么？,0
河北省考生报考外国语言文学的选考科目要求？,河北省外国语言文学专业的考生有哪些科目要求？,1
辽宁省考生报考外国语言文学的选考科目要求？,辽宁省考生的科目要求是什么？,0
江苏省考生报考外国语言文学的选考科目要求？,江苏省考生的科目要求是什么？,0
福建省考生报考外国语言文学的选考科目要求？,福建省考生的科目要求是什么？,0
湖北省考生报考外国语言文学的选考科目要求？,湖北省考生的科目要求是什么？,0
湖南省考生报考外国语言文学的选考科目要求？,湖南省考生的科目要求是什么？,0
广东省考生报考外国语言文学的选考科目要求？,广东省考生的科目要求是什么？,0
重庆省考生报考外国语言文学的选考科目要求？,重庆考生的科目要求是什么？,0
河北省考生报考计算机类的选考科目要求？,河北省计算机科学的学科要求是什么？,1
辽宁省考生报考计算机类的选考科目要求？,辽宁省考生对计算机科学的学科要求是什么？,1
江苏省考生报考计算机类的选考科目要求？,江苏省计算机科学的学科要求是什么？,1
福建省考生报考计算机类的选考科目要求？,福建省计算机科学的学科要求是什么？,1
湖北省考生报考计算机类的选考科目要求？,湖北省计算机科学专业申请人的学科要求是什么？,1
湖南省考生报考计算机类的选考科目要求？,湖南省计算机科学的学科要求是什么？,1
广东省考生报考计算机类的选考科目要求？,广东省考生对计算机科学的学科要求是什么？,1
重庆省考生报考计算机类的选考科目要求？,重庆考生对计算机科学的学科要求是什么？,1
河北省考生报考会计学的选考科目要求？,河北省考生的科目要求是什么？,0
辽宁省考生报考会计学的选考科目要求？,辽宁省考生的科目要求是什么？,0
江苏省考生报考会计学的选考科目要求？,江苏省会计学考生的科目要求是什么？,1
福建省考生报考会计学的选考科目要求？,福建省考生的必修科目是什么？,0
湖北省考生报考会计学的选考科目要求？,湖北省考生的必修科目是什么？,0
湖南省考生报考会计学的选考科目要求？,湖南省考生的科目要求是什么？,0
广东省考生报考会计学的选考科目要求？,广东省考生的科目要求是什么？,0
重庆省考生报考会计学的选考科目要求？,重庆考生的会计科目要求是什么？,1
河北省考生报考经济学的选考科目要求？,河北省经济学的学科要求是什么？,1
辽宁省考生报考经济学的选考科目要求？,辽宁省经济学的学科要求是什么？,1
江苏省考生报考经济学的选考科目要求？,江苏省经济学的学科要求是什么？,1
福建省考生报考经济学的选考科目要求？,福建省经济学的学科要求是什么？,1
湖北省考生报考经济学的选考科目要求？,湖北省经济学的学科要求是什么？,1
湖南省考生报考经济学的选考科目要求？,湖南省经济学的学科要求是什么？,1
广东省考生报考经济学的选考科目要求？,广东省经济学的入学要求是什么？,1
重庆省考生报考经济学的选考科目要求？,重庆经济学的学科要求是什么？,1
河北省考生报考社会学的选考科目要求？,河北省社会学专业对考生的学科要求是什么？,1
辽宁省考生报考社会学的选考科目要求？,辽宁省社会学专业的入学要求是什么？,1
江苏省考生报考社会学的选考科目要求？,江苏省社会学的学科要求是什么？,1
福建省考生报考社会学的选考科目要求？,福建省考生的科目要求是什么？,0
湖北省考生报考社会学的选考科目要求？,湖北省考生修社会学需要哪些科目？,1
湖南省考生报考社会学的选考科目要求？,湖南省考生的科目要求是什么？,0
广东省考生报考社会学的选考科目要求？,广东省考生的科目要求是什么？,0
重庆省考生报考社会学的选考科目要求？,重庆考生的科目要求是什么？,0
河北省考生报考应用心理学的选考科目要求？,河北省应用心理学的学科要求是什么？,1
辽宁省考生报考应用心理学的选考科目要求？,辽宁省应用心理学的学科要求是什么？,1
江苏省考生报考应用心理学的选考科目要求？,江苏省考生对应用心理学的学科要求是什么？,1
福建省考生报考应用心理学的选考科目要求？,福建省考生的科目要求是什么？,0
湖北省考生报考应用心理学的选考科目要求？,湖北省考生的科目要求是什么？,0
湖南省考生报考应用心理学的选考科目要求？,湖南省考生的科目要求是什么？,0
广东省考生报考应用心理学的选考科目要求？,广东省考生的科目要求是什么？,0
重庆省考生报考应用心理学的选考科目要求？,重庆考生的科目要求是什么？,0
河北省考生报考食品科学与工程的选考科目要求？,河北省考生申请食品科学与工程专业需要哪些科目？,1
辽宁省考生报考食品科学与工程的选考科目要求？,辽宁省考生的科目要求是什么？,0
江苏省考生报考食品科学与工程的选考科目要求？,江苏省考生申请食品科学与工程专业需要哪些科目？,1
福建省考生报考食品科学与工程的选考科目要求？,福建省考生的科目要求是什么？,0
湖北省考生报考食品科学与工程的选考科目要求？,湖北省考生的科目要求是什么？,0
湖南省考生报考食品科学与工程的选考科目要求？,湖南省考生的科目要求是什么？,0
广东省考生报考食品科学与工程的选考科目要求？,广东省考生的科目要求是什么？,0
重庆省考生报考食品科学与工程的选考科目要求？,重庆考生的科目要求是什么？,0
河北省考生报考环境科学的选考科目要求？,河北省考生申请环境科学的科目要求是什么？,1
辽宁省考生报考环境科学的选考科目要求？,辽宁省考生的科目要求是什么？,0
江苏省考生报考环境科学的选考科目要求？,江苏省考生的科目要求是什么？,0
福建省考生报考环境科学的选考科目要求？,福建省环境科学的必修科目是什么？,1
湖北省考生报考环境科学的选考科目要求？,湖北省考生选修环境科学需要哪些科目？,1
湖南省考生报考环境科学的选考科目要求？,湖南省考生需要哪些科目？,0
广东省考生报考环境科学的选考科目要求？,广东省考生需要哪些科目？,0
重庆省考生报考环境科学的选考科目要求？,重庆考生对环境科学的学科要求是什么？,1
河北省考生报考统计学的选考科目要求？,河北省考生的统计科目要求是什么？,1
辽宁省考生报考统计学的选考科目要求？,辽宁省考生的统计科目要求是什么？,1
江苏省考生报考统计学的选考科目要求？,江苏省考生的统计科目要求是什么？,1
福建省考生报考统计学的选考科目要求？,福建省考生的统计科目要求是什么？,1
湖北省考生报考统计学的选考科目要求？,湖北省考生的科目要求是什么？,0
湖南省考生报考统计学的选考科目要求？,湖南省考生的科目要求是什么？,0
广东省考生报考统计学的选考科目要求？,广东省考生的科目要求是什么？,0
重庆省考生报考统计学的选考科目要求？,重庆考生的统计科目要求是什么？,1
河北省考生报考金融数学的选考科目要求？,河北省考生对金融数学的科目要求是什么？,1
辽宁省考生报考金融数学的选考科目要求？,辽宁省考生对金融数学的科目要求是什么？,1
江苏省考生报考金融数学的选考科目要求？,江苏省考生对金融数学的科目要求是什么？,1
福建省考生报考金融数学的选考科目要求？,福建省考生的科目要求是什么？,0
湖北省考生报考金融数学的选考科目要求？,湖北省考生的科目要求是什么？,0
湖南省考生报考金融数学的选考科目要求？,湖南省考生的科目要求是什么？,0
广东省考生报考金融数学的选考科目要求？,广东省考生的科目要求是什么？,0
重庆省考生报考金融数学的选考科目要求？,重庆考生对金融数学的科目要求是什么？,1
河北省考生报考数学与应用数学的选考科目要求？,河北省考生对数学和应用数学的科目要求是什么？,1
辽宁省考生报考数学与应用数学的选考科目要求？,辽宁省考生对数学和应用数学的科目要求是什么？,1
江苏省考生报考数学与应用数学的选考科目要求？,江苏省考生对数学和应用数学的科目要求是什么？,1
福建省考生报考数学与应用数学的选考科目要求？,福建省考生对数学和应用数学的学科要求是什么？,1
湖北省考生报考数学与应用数学的选考科目要求？,湖北省考生的科目要求是什么？,0
湖南省考生报考数学与应用数学的选考科目要求？,湖南省考生的科目要求是什么？,0
广东省考生报考数学与应用数学的选考科目要求？,广东省考生对数学和应用数学的学科要求是什么？,1
重庆省考生报考数学与应用数学的选考科目要求？,重庆考生对数学和应用数学的学科要求是什么？,1
河北省考生报考音乐表演的选考科目要求？,河北省考生的音乐表演科目要求是什么？,1
辽宁省考生报考音乐表演的选考科目要求？,辽宁省考生的音乐表演科目要求是什么？,1
江苏省考生报考音乐表演的选考科目要求？,江苏省考生的音乐表演科目要求是什么？,1
福建省考生报考音乐表演的选考科目要求？,福建省音乐表演的科目要求是什么？,1
湖北省考生报考音乐表演的选考科目要求？,湖北省考生的音乐表演科目要求是什么？,1
湖南省考生报考音乐表演的选考科目要求？,湖南省音乐表演的科目要求是什么？,1
广东省考生报考音乐表演的选考科目要求？,广东省考生的音乐表演科目要求是什么？,1
重庆省考生报考音乐表演的选考科目要求？,重庆考生的音乐表演科目要求是什么？,1
河北省考生报考人工智能的选考科目要求？,河北省人工智能的学科要求是什么？,1
辽宁省考生报考人工智能的选考科目要求？,辽宁省考生的科目要求是什么？,0
江苏省考生报考人工智能的选考科目要求？,江苏省考生的科目要求是什么？,0
福建省考生报考人工智能的选考科目要求？,福建省考生的科目要求是什么？,0
湖北省考生报考人工智能的选考科目要求？,湖北省考生的科目要求是什么？,0
湖南省考生报考人工智能的选考科目要求？,湖南省考生的科目要求是什么？,0
广东省考生报考人工智能的选考科目要求？,广东省考生的科目要求是什么？,0
重庆省考生报考人工智能的选考科目要求？,重庆考生的科目要求是什么？,0
就读UIC的相关费用有哪些？,在UIC学习的相关费用是多少？,0
就读UIC的学费是多少？,UIC的学费是多少？,1
UIC设有哪些入学奖学金？,UIC有哪些奖学金？,1
UIC设有哪些奖助学金？,UIC有哪些奖学金？,1
提供哪些小语种可以学习？,提供哪些次要语言？,1
辅修专业有单独证书吗？,未成年人有单独的证书吗？,0
2022年非高考改革省份有哪些？,2022年非HSE改革省份是什么？,0
2022年“3+3”新高考改革省市有？,2022年“3+3”新高考改革省份是什么？,1
2022年“3+1+2”新高考改革省市有？,2022年“3+1+2”新高考改革省市有哪些？,1
UIC的办学性质是什么？,UIC的性质是什么？,1
学校现在有多少在校生？,现在学校里有多少学生？,1
UIC的全称是什么？,UIC的全名是什么？,1
北师港浸大的全称是什么？,北师港浸会大学的全名是什么？,1
简单介绍一下UIC,简要介绍UIC,1
UIC是什么？,什么是UIC？,1
UIC办学定位是什么？,UIC的学校定位是什么？,1
UIC的办学层次是什么？,UIC的办学水平如何？,1
UIC的校训是什么？,UIC的座右铭是什么？,1
UIC的专业有什么？,UIC的专业是什么？,1
UIC的教学质量怎么保证？,如何保证对外汉语教学质量？,0
可否转专业？,我可以换专业吗？,1
怎么转专业?,如何换专业？,1
依据大类专业入读的学生，将如何分流？,学生将如何按专业分类？,1
UIC统招本科生颁发何种毕业证书？,UIC统一本科生将颁发什么样的毕业证书？,1
UIC颁发的香港浸会大学的学士学位证为什么有“荣誉”二字？,为什么UIC颁发的香港浸会大学学士学位证书中有“荣誉”？,1
UIC的教育模式是怎样的？,UIC的教育模式是什么？,1
博雅教育是什么？,什么是通识教育？,1
UIC的副修课程有什么？,UIC的辅修课程是什么？,1
工商管理学部的副修课程有什么？,工商管理系有哪些辅修课程？,1
人文与社会科学学部的副修课程有什么？,人文社会科学系有哪些辅修课程？,1
理工科技学部的副修课程有什么？,科学技术系有哪些辅修课程？,1
文化与创意学部的副修课程有什么？,文化与创意系有哪些辅修课程？,1
国际化教育是什么？,什么是国际教育？,1
简要介绍一下英文教学,英语教学简介,1
简要介绍一下国际化课程,简要介绍国际课程,1
全人教育是什么？,什么是整体教育？,1
四维教育是什么？,什么是四维教育？,1
学校毕业生的深造就业情况如何？,学校毕业生的继续教育和就业情况如何？,1
苑舍的情况怎么样?,袁舍的情况怎么样？,0
学校有什么课余活动?,学校有什么课外活动？,1
学校对大一新生提供哪些辅导及个人成长帮助?,学校为新生提供什么样的辅导和个人成长帮助？,1
什么是导师关顾计划？,什么是辅导计划？,0
可以进行哪些出国学习？,我可以在国外学习什么？,0
本科招生热线是什么？,什么是本科生招生热线？,1
传真号码是什么？,传真号码是多少？,1
招生咨询邮箱是什么？,报名咨询的电子邮件地址是什么？,1
学校招生办的通讯地址是什么？,学校招生办公室的邮寄地址是什么？,1
学校官网网址是什么？,学校的官方网站是什么？,1
港澳台侨联招、台湾学测考生招生咨询渠道是什么？,香港、澳门、台湾华侨总会和台湾学术考试考生的招聘咨询渠道是什么？,1
国际学生本科招生在哪里咨询？,我在哪里可以咨询国际学生的本科招生？,1
授课型研究生专业咨询方式？,教授研究生专业咨询？,0
研究型硕士、博士研究生项目咨询方式？,研究生和博士生的项目咨询方式是什么？,1
UIC招生信息网是什么,什么是UIC招生信息网络,1
UIC的教育理念是什么？,UIC的教育哲学是什么？,1
UIC的数据科学课程如何？,UIC的数据科学课程怎么样？,1
UIC的师资力量如何？,UIC的教授是什么？,0
UIC的学术研究情况如何？,UIC的学术研究现状如何？,1
UIC的位置在哪里？,UIC位于哪里？,1
UIC的招生方式是？,UIC的招生方式是什么？,1
UIC的副修课程是什么？,UIC的辅修课程是什么？,1
UIC全人教育为学生提供了什么体验？,UIC整体教育为学生提供了什么样的体验？,1
UIC文科教育的目的？,UIC文科教育的目的是什么？,1
 UIC在哪些些省(市、区)招生？,UIC在哪些省（市、区）招生？,1
在全国（除广东省外）的考生，UIC的入学要求为？,全国（广东省除外）的UIC入学要求是什么？,1
在全国（除广东省外）的考生，UIC的入学英语水平要求为？,对于全国各地（广东省除外）的考生，UIC的入学英语水平要求是？,1
"广东省综合评价录取模式（631）是什么？
",什么是631？,1
广东省普通类考生的入学要求？,广东省普通考生的入学要求是什么？,1
广东省综合评价录取模式报考UIC的报名资格？,UIC广东省综合评价招生模式的注册资格是什么？,1
广东省综合评价录取模式报考UIC的录取条件？,广东省综合评价招生模式申请UIC的入学条件是什么？,1
广东省综合评价录取模式报考UIC的综合成绩构成及计算方法,广东省综合评价录取模式UIC综合分数的构成及计算方法,1
应届生学业水平合格性考试成绩计算例子？,如何计算新生的学历考试分数？,1
高考改革前的往届生学业水平合格性考试成绩如何计算？,高考改革前，如何计算历届学生的学历考试成绩？,1
在广东省报考UIC艺术类专业（音乐表演专业）的入学要求？,广东省UIC艺术专业（音乐表演专业）的入学要求是什么？,1
在福建省报考UIC艺术类专业（音乐表演专业）的入学要求？,福建省UIC艺术专业（音乐表演专业）的入学要求是什么？,1
在湖南省报考UIC艺术类专业（音乐表演专业）的入学要求？,湖南省UIC艺术专业（音乐表演专业）的入学要求是什么？,1
在安徽省报考UIC艺术类专业（音乐表演专业）的入学要求？,安徽省UIC艺术专业（音乐表演专业）的入学要求是什么？,1
在上海市报考UIC艺术类专业（音乐表演专业）的入学要求？,上海UIC艺术专业（音乐表演专业）的入学要求是什么？,1
在浙江省报考UIC艺术类专业（音乐表演专业）的入学要求？,浙江省UIC艺术专业（音乐表演专业）的入学要求是什么？,1
在山东省报考UIC艺术类专业（音乐表演专业）的入学要求？,山东省UIC艺术专业（音乐表演专业）的入学要求是什么？,1
贵州省考生报考工商管理类的选考科目要求？,贵州省考生报考工商管理专业的要求是什么？,1
黑龙江省考生报考工商管理类的选考科目要求？,黑龙江省考生报考工商管理专业的要求是什么？,1
四川省考生报考工商管理类的选考科目要求？,四川省考生申请工商管理选修科目的要求是什么？,1
新疆考生报考工商管理类的选考科目要求？,新疆考生对工商管理专业选修科目有哪些要求？,1
河南省考生报考工商管理类的选考科目要求？,河南省考生报考工商管理专业的要求是什么？,1
云南省考生报考工商管理类的选考科目要求？,云南省考生报考工商管理专业的要求是什么？,1
广西省考生报考工商管理类的选考科目要求？,广西考生申请工商管理专业的选修科目有哪些要求？,1
安徽省考生报考工商管理类的选考科目要求？,安徽省考生申请工商管理选修科目有哪些要求？,1
内蒙古考生报考工商管理类的选考科目要求？,内蒙古地区工商管理专业对考生的选修科目有哪些要求？,1
江西省考生报考工商管理类的选考科目要求？,江西省工商管理专业对考生的选修科目有哪些要求？,1
山西省古考生报考工商管理类的选考科目要求？,山西古代工商管理专业对考生的选课要求是什么？,1
吉林省考生报考工商管理类的选考科目要求？,吉林省工商管理专业选修科目对考生有哪些要求？,1
甘肃省考生报考工商管理类的选考科目要求？,甘肃省考生申请工商管理选修科目的要求是什么？,1
陕西省考生报考工商管理类的选考科目要求？,陕西省考生申请工商管理专业的选修科目有哪些要求？,1
贵州省考生报考新闻传播类的选考科目要求？,贵州省考生报考新闻传播专业的要求是什么？,1
黑龙江省考生报考新闻传播类的选考科目要求？,黑龙江省考生报考新闻传播专业的要求是什么？,1
四川省考生报考新闻传播类的选考科目要求？,四川省考生报考新闻传播专业的要求是什么？,1
新疆考生报考新闻传播类的选考科目要求？,新疆考生报考新闻与传播专业的选修科目要求是什么？,1
河南省考生报考新闻传播类的选考科目要求？,河南省考生报考新闻传播专业的要求是什么？,1
云南省考生报考新闻传播类的选考科目要求？,云南省考生报考新闻传播专业的要求是什么？,1
广西省考生报考新闻传播类的选考科目要求？,广西考生报考新闻传播专业有哪些要求？,1
安徽省考生报考新闻传播类的选考科目要求？,安徽省考生报考新闻传播专业的要求是什么？,1
内蒙古考生报考新闻传播类的选考科目要求？,内蒙古考生报考新闻传播专业有哪些要求？,1
江西省考生报考新闻传播类的选考科目要求？,江西省考生报考新闻传播专业的要求是什么？,1
山西省考生报考新闻传播类的选考科目要求？,山西考生是否申请新闻传播专业的选修科目要求？,1
吉林省考生报考新闻传播类的选考科目要求？,吉林省考生是否申请新闻与传播专业的选修科目要求？,1
甘肃省考生报考新闻传播类的选考科目要求？,甘肃省考生报考新闻传播专业的要求是什么？,1
陕西省考生报考新闻传播类的选考科目要求？,陕西省考生报考新闻传播专业的要求是什么？,1
贵州省考生报考外国语言文学的选考科目要求？,贵州省外语文学专业对考生有什么要求？,1
黑龙江省考生报外国语言文学的选考科目要求？,黑龙江省考生报考的外语和文学选修科目有哪些要求？,1
四川省考生报考外国语言文学的选考科目要求？,四川省外语文学专业对考生的选修科目有什么要求？,1
新疆考生报考外国语言文学的选考科目要求？,新疆考生对外语文学选修科目有什么要求？,1
河南省考生报考外国语言文学的选考科目要求？,河南省考生对外语文学选修课有什么要求？,1
云南省考生报考外国语言文学的选考科目要求？,云南省外语文学专业对考生有什么要求？,0
广西省考生报考外国语言文学的选考科目要求？,广西考生对外语文学选修课有什么要求？,1
安徽省考生报考外国语言文学的选考科目要求？,安徽省外语文学专业对考生有什么要求？,1
内蒙古考生报考外国语言文学的选考科目要求？,内蒙古地区的考生对外语和文学的选修科目有什么要求？,0
江西省考生报考外国语言文学的选考科目要求？,江西省外语文学专业对考生有什么要求？,0
山西省考生报考外国语言文学的选考科目要求？,山西省外语文学专业对考生有什么要求？,0
吉林省考生报考外国语言文学的选考科目要求？,吉林省外语文学专业对考生的选修科目有哪些要求？,0
甘肃省考生报考外国语言文学的选考科目要求？,甘肃省外语文学专业对考生的选修科目有什么要求？,0
陕西省考生报考外国语言文学的选考科目要求？,陕西省外语文学专业对考生的选修科目有哪些要求？,0
贵州省考生报考计算机类的选考科目要求？,贵州省考生申请计算机课程有哪些要求？,1
黑龙江省考生报计算机类的选考科目要求？,黑龙江省考生对计算机课程的选修科目有什么要求？,1
四川省考生报考计算机类的选考科目要求？,四川省考生申请计算机专业有哪些要求？,1
新疆考生报考计算机类的选考科目要求？,新疆考生对计算机选修科目有什么要求？,1
河南省考生报考计算机类的选考科目要求？,河南省考生申请计算机课程有哪些要求？,1
云南省考生报考计算机类的选考科目要求？,云南省考生申请计算机课程有哪些要求？,1
广西省考生报考计算机类的选考科目要求？,广西考生申请计算机课程有哪些要求？,1
安徽省考生报考计算机类的选考科目要求？,安徽省考生申请计算机课程的要求是什么？,1
内蒙古考生报考计算机类的选考科目要求？,内蒙古考生对计算机课程的选修科目有什么要求？,1
江西省考生报考计算机类的选考科目要求？,江西省考生申请计算机课程有哪些要求？,1
山西省考生报考计算机类的选考科目要求？,山西考生报考计算机类的考试科目要求？,1
吉林省考生报考计算机类的选考科目要求？,吉林省考生报考计算机类的考试科目的要求？,1
甘肃省考生报考计算机类的选考科目要求？,甘肃省考生申请计算机选修课有哪些要求？,1
陕西省考生报考计算机类的选考科目要求？,陕西省考生申请计算机课程有哪些要求？,1
贵州省考生报考会计学的选考科目要求？,贵州省会计学考生对所选科目的要求是什么？,1
黑龙江省考生报考会计学的选考科目要求？,黑龙江省会计专业考生对选修科目有哪些要求？,1
四川省考生报考会计学的选考科目要求？,四川省会计学考生的选修科目要求是什么？,1
新疆考生报考会计学的选考科目要求？,新疆考生对会计学选修科目有哪些要求？,1
河南省考生报考会计学的选考科目要求？,河南省会计学考生对选修科目有什么要求？,1
云南省考生报考会计学的选考科目要求？,云南省会计学考生对选修科目有什么要求？,1
广西省考生报考会计学的选考科目要求？,广西考生对会计学选修科目有什么要求？,1
安徽省考生报考会计学的选考科目要求？,安徽省会计学考生的选修科目要求是什么？,1
内蒙古考生报考会计学的选考科目要求？,内蒙古考生对会计学选修科目有哪些要求？,1
江西省考生报考会计学的选考科目要求？,江西省会计学考生的选修科目要求是什么？,1
山西省考生报考会计学的选考科目要求？,山西省会计学考生的选修科目要求是什么？,0
吉林省考生报考会计学的选考科目要求？,吉林省会计学考生对选修科目有哪些要求？,0
甘肃省考生报考会计学的选考科目要求？,甘肃省会计学考生的选修科目要求是什么？,0
陕西省考生报考会计学的选考科目要求？,陕西省会计学考生的选修科目要求是什么？,0
贵州省考生报考经济学的选考科目要求？,贵州省考生对经济学选修科目有哪些要求？,1
黑龙江省考生报考经济学的选考科目要求？,黑龙江省考生对经济学选修科目有哪些要求？,1
四川省考生报考经济学的选考科目要求？,四川省考生对经济学选修科目的要求是什么？,1
新疆考生报考经济学的选考科目要求？,新疆考生对经济学选修科目有哪些要求？,1
河南省考生报考经济学的选考科目要求？,河南省考生对经济学选修科目有哪些要求？,1
云南省考生报考经济学的选考科目要求？,云南省考生对经济学选修科目有什么要求？,1
广西省考生报考经济学的选考科目要求？,广西考生对经济学选修科目的要求是什么？,1
安徽省考生报考经济学的选考科目要求？,安徽省考生对经济学选修科目有哪些要求？,1
内蒙古考生报考经济学的选考科目要求？,内蒙古考生对经济学选修科目有哪些要求？,1
江西省考生报考经济学的选考科目要求？,江西省考生对经济学选修科目有什么要求？,1
山西省考生报考经济学的选考科目要求？,山西省考生对经济学选修科目有什么要求？,1
吉林省考生报考经济学的选考科目要求？,吉林省考生对经济学选修科目有哪些要求？,1
甘肃省考生报考经济学的选考科目要求？,甘肃省考生对经济学选修科目的要求是什么？,1
陕西省考生报考经济学的选考科目要求？,陕西省考生对经济学选修科目有哪些要求？,1
贵州省考生报考社会学的选考科目要求？,贵州省考生对社会学选修科目有哪些要求？,1
黑龙江省考生报考社会学的选考科目要求？,黑龙江省考生对社会学选修科目有哪些要求？,1
四川省考生报考社会学的选考科目要求？,四川省考生对社会学选修科目有哪些要求？,1
新疆考生报考社会学的选考科目要求？,新疆考生对社会学选修科目有哪些要求？,1
河南省考生报考社会学的选考科目要求？,河南省考生对社会学选修科目有哪些要求？,1
云南省考生报考社会学的选考科目要求？,云南省考生对社会学选修科目有哪些要求？,1
广西省考生报考社会学的选考科目要求？,广西考生对社会学选修科目有哪些要求？,1
安徽省考生报考社会学的选考科目要求？,安徽省考生对社会学选修科目有哪些要求？,1
内蒙古考生报考社会学的选考科目要求？,内蒙古考生对社会学选修科目有哪些要求？,1
江西省考生报考社会学的选考科目要求？,江西省考生对社会学选修科目有哪些要求？,1
山西省考生报考社会学的选考科目要求？,山西省考生对社会学选修科目有哪些要求？,1
吉林省考生报考社会学的选考科目要求？,吉林省考生对社会学选修科目有哪些要求？,1
甘肃省考生报考社会学的选考科目要求？,甘肃省考生对社会学选修科目有哪些要求？,1
陕西省考生报考社会学的选考科目要求？,陕西省考生对社会学选修科目有哪些要求？,1
贵州省考生报考应用心理学的选考科目要求？,贵州省考生对应用心理学选修科目有什么要求？,1
黑龙江省考生报考应用心理学的选考科目要求？,黑龙江省考生对应用心理学选修科目有哪些要求？,1
四川省考生报考应用心理学的选考科目要求？,四川省考生对应用心理学选修科目有哪些要求？,1
新疆考生报考应用心理学的选考科目要求？,新疆考生对应用心理学选修科目有哪些要求？,1
河南省考生报考应用心理学的选考科目要求？,河南省考生对应用心理学选修科目有什么要求？,1
云南省考生报考应用心理学的选考科目要求？,云南省考生对应用心理学选修科目的要求是什么？,1
广西省考生报考应用心理学的选考科目要求？,广西考生对应用心理学的选修科目有什么要求？,1
安徽省考生报考应用心理学的选考科目要求？,安徽省考生对应用心理学选修科目有什么要求？,1
内蒙古考生报考应用心理学的选考科目要求？,内蒙古考生对应用心理学选修科目有哪些要求？,1
江西省考生报考应用心理学的选考科目要求？,江西省考生对应用心理学选修科目有什么要求？,1
山西省考生报考应用心理学的选考科目要求？,山西省考生对应用心理学的选修科目有什么要求？,1
吉林省考生报考应用心理学的选考科目要求？,吉林省考生对应用心理学选修科目有哪些要求？,1
甘肃省考生报考应用心理学的选考科目要求？,甘肃省考生对应用心理学选修科目的要求是什么？,1
陕西省考生报考应用心理学的选考科目要求？,陕西省考生对应用心理学选修科目有哪些要求？,1
贵州省考生报考食品科学与工程的选考科目要求？,贵州省对食品科学与工程专业的选修科目有什么要求？,0
黑龙江省考生报考食品科学与工程的选考科目要求？,黑龙江省食品科学与工程专业对考生的选修科目有哪些要求？,0
四川省考生报考食品科学与工程的选考科目要求？,四川省对食品科学与工程专业的选修科目有哪些要求？,0
新疆考生报考食品科学与工程的选考科目要求？,新疆考生对食品科学与工程专业的选修科目有什么要求？,1
河南省考生报考食品科学与工程的选考科目要求？,河南省对食品科学与工程专业的考生有什么要求？,0
云南省考生报考食品科学与工程的选考科目要求？,云南省对食品科学与工程专业的考生有什么要求？,0
广西省考生报考食品科学与工程的选考科目要求？,广西对食品科学与工程专业的考生有什么要求？,0
安徽省考生报考食品科学与工程的选考科目要求？,安徽省对食品科学与工程专业的考生有什么要求？,0
内蒙古考生报考食品科学与工程的选考科目要求？,内蒙古考生对食品科学与工程专业的选修科目有什么要求？,1
江西省考生报考食品科学与工程的选考科目要求？,江西省对食品科学与工程专业的考生有什么要求？,0
山西省考生报考食品科学与工程的选考科目要求？,山西省对食品科学与工程专业的选修科目有什么要求？,0
吉林省考生报考食品科学与工程的选考科目要求？,吉林省食品科学与工程专业对考生的选修科目有哪些要求？,0
甘肃省考生报考食品科学与工程的选考科目要求？,甘肃省食品科学与工程专业对考生的选修科目有哪些要求？,0
陕西省考生报考食品科学与工程的选考科目要求？,陕西省对食品科学与工程专业的选修科目有哪些要求？,0
贵州省考生报考环境科学的选考科目要求？,贵州省对环境科学选修科目的要求是什么？,0
黑龙江省考生报考环境科学的选考科目要求？,黑龙江省对环境科学选修科目的要求是什么？,0
四川省考生报考环境科学的选考科目要求？,四川省对环境科学选修科目的要求是什么？,0
新疆考生报考环境科学的选考科目要求？,新疆对环境科学选修科目有哪些要求？,0
河南省考生报考环境科学的选考科目要求？,河南省对环境科学选修科目的要求是什么？,0
云南省考生报考环境科学的选考科目要求？,云南省对环境科学选修科目的要求是什么？,0
广西省考生报考环境科学的选考科目要求？,广西省对环境科学选修科目的要求是什么？,0
安徽省考生报考环境科学的选考科目要求？,安徽省对环境科学选修科目的要求是什么？,0
内蒙古考生报考环境科学的选考科目要求？,内蒙古地区对环境科学选修科目的要求是什么？,0
江西省考生报考环境科学的选考科目要求？,江西省对环境科学选修科目的要求是什么？,0
山西省考生报考环境科学的选考科目要求？,山西省对环境科学选修科目的要求是什么？,0
吉林省考生报考环境科学的选考科目要求？,吉林省对环境科学选修科目的要求是什么？,0
甘肃省考生报考环境科学的选考科目要求？,甘肃省对环境科学选修科目的要求是什么？,0
陕西省考生报考环境科学的选考科目要求？,陕西省对环境科学选修科目的要求是什么？,0
贵州省考生报考统计学的选考科目要求？,贵州省考生对统计选修科目有哪些要求？,1
黑龙江省考生报考统计学的选考科目要求？,黑龙江省考生对统计选修科目有哪些要求？,1
四川省考生报考统计学的选考科目要求？,四川省考生对统计选修科目有哪些要求？,1
新疆考生报考统计学的选考科目要求？,新疆考生对所选统计科目有何要求？,1
河南省考生报考统计学的选考科目要求？,河南省考生对统计选修科目有什么要求？,1
云南省考生报考统计学的选考科目要求？,云南省考生对统计选修科目有哪些要求？,1
广西省考生报考统计学的选考科目要求？,广西考生对统计选修科目有何要求？,1
安徽省考生报考统计学的选考科目要求？,安徽省考生对统计选修科目有什么要求？,1
内蒙古考生报考统计学的选考科目要求？,内蒙古考生对所选统计科目有哪些要求？,1
江西省考生报考统计学的选考科目要求？,江西省考生对统计选修科目有哪些要求？,1
山西省考生报考统计学的选考科目要求？,山西省考生对统计选修科目有什么要求？,1
吉林省考生报考统计学的选考科目要求？,吉林省考生对统计选修科目有哪些要求？,1
甘肃省考生报考统计学的选考科目要求？,甘肃省考生对所选统计科目有何要求？,1
陕西省考生报考统计学的选考科目要求？,陕西省考生对统计选修科目有哪些要求？,1
贵州省考生报考金融数学的选考科目要求？,贵州省对金融数学选修科目的要求是什么？,0
黑龙江省考生报考金融数学的选考科目要求？,黑龙江省考生对金融数学选修科目的要求是什么？,1
四川省考生报考金融数学的选考科目要求？,四川省对金融数学选修科目的要求是什么？,0
新疆考生报考金融数学的选考科目要求？,新疆考生对金融数学选修科目的要求是什么？,1
河南省考生报考金融数学的选考科目要求？,河南省对金融数学选修科目的要求是什么？,0
云南省考生报考金融数学的选考科目要求？,云南省考生对金融数学选修科目的要求是什么？,1
广西省考生报考金融数学的选考科目要求？,广西考生对金融数学选修科目的要求是什么？,1
安徽省考生报考金融数学的选考科目要求？,安徽省考生对金融数学选修科目的要求是什么？,1
内蒙古考生报考金融数学的选考科目要求？,内蒙古考生对金融数学选修科目的要求是什么？,1
江西省考生报考金融数学的选考科目要求？,江西省考生对金融数学选修科目的要求是什么？,1
山西省考生报考金融数学的选考科目要求？,山西省对金融数学选修科目的要求是什么？,0
吉林省考生报考金融数学的选考科目要求？,吉林省对金融数学选修科目的要求是什么？,0
甘肃省考生报考金融数学的选考科目要求？,甘肃省考生对金融数学选修科目的要求是什么？,1
陕西省考生报考金融数学的选考科目要求？,陕西省对金融数学选修科目的要求是什么？,0
贵州省考生报考数学与应用数学的选考科目要求？,贵州省考生对数学和应用数学的选修科目有什么要求？,1
黑龙江省考生报考数学与应用数学的选考科目要求？,黑龙江省考生对数学和应用数学的选修科目有什么要求？,1
四川省考生报考数学与应用数学的选考科目要求？,四川省考生对数学和应用数学选修科目的要求是什么？,1
新疆考生报考数学与应用数学的选考科目要求？,新疆考生对数学和应用数学的选修科目有什么要求？,1
河南省考生报考数学与应用数学的选考科目要求？,河南省考生对数学和应用数学的选修科目有什么要求？,1
云南省考生报考数学与应用数学的选考科目要求？,云南省考生对数学和应用数学的选修科目有什么要求？,1
广西省考生报考数学与应用数学的选考科目要求？,广西考生对数学和应用数学的选修科目有什么要求？,1
安徽省考生报考数学与应用数学的选考科目要求？,安徽省考生对数学和应用数学的选修科目有什么要求？,1
内蒙古考生报考数学与应用数学的选考科目要求？,内蒙古考生对数学和应用数学的选修科目有什么要求？,1
江西省考生报考数学与应用数学的选考科目要求？,江西省考生对数学和应用数学的选修科目有什么要求？,1
山西省考生报考数学与应用数学的选考科目要求？,山西省考生对数学和应用数学的选修科目有什么要求？,1
吉林省考生报考数学与应用数学的选考科目要求？,吉林省考生对数学和应用数学的选修科目有什么要求？,1
甘肃省考生报考数学与应用数学的选考科目要求？,甘肃省考生对数学和应用数学选修科目的要求是什么？,1
陕西省考生报考数学与应用数学的选考科目要求？,陕西省考生对数学和应用数学选修科目的要求是什么？,1
贵州省考生报考音乐表演的选考科目要求？,贵州省考生申请音乐表演选修科目的要求是什么？,1
黑龙江省考生报考音乐表演的选考科目要求？,黑龙江省考生申请音乐表演选修科目有哪些要求？,1
四川省考生报考音乐表演的选考科目要求？,四川省考生申请音乐表演选修科目的要求是什么？,1
新疆考生报考音乐表演的选考科目要求？,新疆考生申请音乐表演的选修科目有哪些要求？,1
河南省考生报考音乐表演的选考科目要求？,河南考生报考音乐表演的选修科目有哪些要求？,1
云南省考生报考音乐表演的选考科目要求？,云南省考生申请音乐表演选修科目有哪些要求？,1
广西省考生报考音乐表演的选考科目要求？,广西考生报考音乐表演的选修科目有哪些要求？,1
安徽省考生报考音乐表演的选考科目要求？,安徽考生报考音乐表演的选修科目有哪些要求？,1
内蒙古考生报考音乐表演的选考科目要求？,内蒙古考生对音乐表演选修科目有哪些要求？,1
江西省考生报考音乐表演的选考科目要求？,江西省考生对音乐表演选修科目有什么要求？,1
山西省考生报考音乐表演的选考科目要求？,山西省考生对音乐表演选修科目有什么要求？,1
吉林省考生报考音乐表演的选考科目要求？,吉林考生报考音乐表演的选修科目有哪些要求？,1
甘肃省考生报考音乐表演的选考科目要求？,甘肃省考生申请音乐表演的选修科目要求是什么？,1
陕西省考生报考音乐表演的选考科目要求？,陕西省考生申请音乐表演的选修科目要求是什么？,1
贵州省考生报考人工智能的选考科目要求？,贵州省考生对人工智能选修科目有哪些要求？,1
黑龙江省考生报考人工智能的选考科目要求？,黑龙江省考生申请人工智能的要求是什么？,1
四川省考生报考人工智能的选考科目要求？,四川省考生申请人工智能的要求是什么？,1
新疆考生报考人工智能的选考科目要求？,新疆考生对人工智能选修科目有哪些要求？,1
河南省考生报考人工智能的选考科目要求？,河南省考生对人工智能选修科目的要求是什么？,1
云南省考生报考人工智能的选考科目要求？,云南省考生申请人工智能的选定科目要求是什么？,1
广西省考生报考人工智能的选考科目要求？,广西考生对人工智能选修科目有哪些要求？,1
安徽省考生报考人工智能的选考科目要求？,安徽省考生申请人工智能的要求是什么？,1
内蒙古考生报考人工智能的选考科目要求？,内蒙古考生对人工智能选修科目有哪些要求？,1
江西省考生报考人工智能的选考科目要求？,江西省考生对人工智能选修科目有哪些要求？,1
山西省考生报考人工智能的选考科目要求？,山西省考生对人工智能选修科目的要求是什么？,1
吉林省考生报考人工智能的选考科目要求？,吉林省申请人工智能的考生对所选科目有哪些要求？,1
甘肃省考生报考人工智能的选考科目要求？,甘肃省考生申请人工智能的要求是什么？,1
陕西省考生报考人工智能的选考科目要求？,陕西省考生申请人工智能所选科目的要求是什么？,1
北京市考生报考工商管理类的选考科目要求？,北京对工商管理专业的考生有什么要求？,0
天津市考生报考工商管理类的选考科目要求？,天津考生申请工商管理专业的选修科目有哪些要求？,1
上海市考生报考工商管理类的选考科目要求？,上海考生对工商管理选修科目有什么要求？,1
浙江省考生报考工商管理类的选考科目要求？,浙江省工商管理专业对考生的选修科目有哪些要求？,1
山东省考生报考工商管理类的选考科目要求？,山东省考生申请工商管理选修科目的要求是什么？,1
海南省考生报考工商管理类的选考科目要求？,海南省考生报考工商管理专业的要求是什么？,1
北京市考生报考新闻传播类的选考科目要求？,北京考生报考新闻传播专业有哪些要求？,1
天津市考生报考新闻传播类的选考科目要求？,天津考生报考新闻传播专业有哪些要求？,1
上海市考生报考新闻传播类的选考科目要求？,上海报考新闻与传播专业的考生对所选科目有什么要求？,1
浙江省考生报考新闻传播类的选考科目要求？,浙江省报考新闻传播专业的考生对选修科目有什么要求？,1
山东省考生报考新闻传播类的选考科目要求？,山东省考生报考新闻传播专业的要求是什么？,1
海南省考生报考新闻传播类的选考科目要求？,海南省考生报考新闻传播专业的要求是什么？,1
北京市考生报考外国语言文学的选考科目要求？,北京的考生对外语和文学的选修科目有什么要求？,1
天津市考生报考外国语言文学的选考科目要求？,天津对考生的外语和文学选修科目有什么要求？,0
上海市考生报考外国语言文学的选考科目要求？,上海考生对外语和文学的选修科目有什么要求？,1
浙江省考生报考外国语言文学的选考科目要求？,浙江省外语文学选修课对考生有什么要求？,1
山东省考生报考外国语言文学的选考科目要求？,山东省外语文学专业对考生的选修科目有什么要求？,1
海南省考生报考外国语言文学的选考科目要求？,海南省考生对外语和文学的选修科目有什么要求？,1
北京市考生报考计算机类的选考科目要求？,北京考生对计算机课的选修科目有什么要求？,1
天津市考生报考计算机类的选考科目要求？,天津考生申请计算机课程的要求是什么？,1
上海市考生报考计算机类的选考科目要求？,上海考生对计算机选修科目有什么要求？,1
浙江省考生报考计算机类的选考科目要求？,浙江省考生申请计算机课程的要求是什么？,1
山东省考生报考计算机类的选考科目要求？,山东省考生报考计算机类选修考试科目要求？,1
海南省考生报考计算机类的选考科目要求？,海南省考生申请计算机课程有哪些要求？,1
北京市考生报考会计学的选考科目要求？,北京考生对会计学选修科目有什么要求？,1
天津市考生报考会计学的选考科目要求？,天津考生对会计学选修科目有什么要求？,1
上海市考生报考会计学的选考科目要求？,上海考生对会计学选修科目有什么要求？,1
浙江省考生报考会计学的选考科目要求？,浙江省会计学考生对选修科目有什么要求？,0
山东省考生报考会计学的选考科目要求？,山东省会计学考生对选修科目有什么要求？,0
海南省考生报考会计学的选考科目要求？,海南省会计学考生的选修科目要求是什么？,0
北京市考生报考经济学的选考科目要求？,北京考生对经济学选修科目的要求是什么？,1
天津市考生报考经济学的选考科目要求？,天津考生对经济学选修科目有什么要求？,1
上海市考生报考经济学的选考科目要求？,上海考生对经济学选修科目的要求是什么？,1
浙江省考生报考经济学的选考科目要求？,浙江省考生对经济学选修科目有什么要求？,1
山东省考生报考经济学的选考科目要求？,山东省考生对经济学选修科目有哪些要求？,1
海南省考生报考经济学的选考科目要求？,海南省考生对经济学选修科目有什么要求？,1
北京市考生报考社会学的选考科目要求？,北京考生对社会学选修科目有什么要求？,1
天津市考生报考社会学的选考科目要求？,天津考生对社会学选修科目有哪些要求？,1
上海市考生报考社会学的选考科目要求？,上海考生对社会学选修科目有哪些要求？,1
浙江省考生报考社会学的选考科目要求？,浙江省考生对社会学选修科目有哪些要求？,1
山东省考生报考社会学的选考科目要求？,山东省考生对社会学选修科目有哪些要求？,1
海南省考生报考社会学的选考科目要求？,海南省考生对社会学选修科目有哪些要求？,1
北京市考生报考应用心理学的选考科目要求？,北京考生对应用心理学的选修科目有什么要求？,1
天津市考生报考应用心理学的选考科目要求？,天津考生对应用心理学的选修科目有什么要求？,1
上海市考生报考应用心理学的选考科目要求？,上海考生对应用心理学的选修科目有什么要求？,1
浙江省考生报考应用心理学的选考科目要求？,浙江省考生对应用心理学的选修科目有什么要求？,1
山东省考生报考应用心理学的选考科目要求？,山东省考生对应用心理学的选修科目有什么要求？,1
海南省考生报考应用心理学的选考科目要求？,海南省考生对应用心理学选修科目有什么要求？,1
北京市考生报考食品科学与工程的选考科目要求？,北京对食品科学与工程专业的考生有什么要求？,1
天津市考生报考食品科学与工程的选考科目要求？,天津对食品科学与工程专业的考生有什么要求？,1
上海市考生报考食品科学与工程的选考科目要求？,上海对食品科学与工程专业的考生有什么要求？,1
浙江省考生报考食品科学与工程的选考科目要求？,浙江省对食品科学与工程专业的选修科目有什么要求？,1
山东省考生报考食品科学与工程的选考科目要求？,山东省对食品科学与工程专业的选修科目有什么要求？,1
海南省考生报考食品科学与工程的选考科目要求？,海南省对食品科学与工程专业的考生有什么要求？,1
北京市考生报考环境科学的选考科目要求？,北京对环境科学选修科目的要求是什么？,0
天津市考生报考环境科学的选考科目要求？,天津对环境科学专业的考生有什么要求？,0
上海市考生报考环境科学的选考科目要求？,上海对环境科学选修科目的要求是什么？,0
浙江省考生报考环境科学的选考科目要求？,浙江省对环境科学选修科目的要求是什么？,0
山东省考生报考环境科学的选考科目要求？,山东省对环境科学选修科目的要求是什么？,0
海南省考生报考环境科学的选考科目要求？,海南省对环境科学选修科目的要求是什么？,0
北京市考生报考统计学的选考科目要求？,北京考生对所选统计科目有什么要求？,1
天津市考生报考统计学的选考科目要求？,天津考生对统计选修科目有什么要求？,1
上海市考生报考统计学的选考科目要求？,上海考生对所选统计科目有什么要求？,1
浙江省考生报考统计学的选考科目要求？,浙江省考生对统计选修科目有什么要求？,1
山东省考生报考统计学的选考科目要求？,山东省考生对统计选修科目有什么要求？,1
海南省考生报考统计学的选考科目要求？,海南省考生对统计选修科目有什么要求？,1
北京市考生报考金融数学的选考科目要求？,北京考生对金融数学选修科目的要求是什么？,1
天津市考生报考金融数学的选考科目要求？,天津考生对金融数学选修科目的要求是什么？,1
上海市考生报考金融数学的选考科目要求？,上海考生对金融数学选修科目的要求是什么？,1
浙江省考生报考金融数学的选考科目要求？,浙江省对金融数学选修科目的要求是什么？,0
山东省考生报考金融数学的选考科目要求？,山东省对金融数学选修科目的要求是什么？,0
海南省考生报考金融数学的选考科目要求？,海南省考生对金融数学选修科目的要求是什么？,1
北京市考生报考数学与应用数学的选考科目要求？,北京考生对数学和应用数学的选修科目有什么要求？,1
天津市考生报考数学与应用数学的选考科目要求？,天津考生对数学和应用数学的选修科目有什么要求？,1
上海市考生报考数学与应用数学的选考科目要求？,上海考生对数学和应用数学的选修科目有什么要求？,1
浙江省考生报考数学与应用数学的选考科目要求？,浙江省考生对数学和应用数学的选修科目有什么要求？,1
山东省考生报考数学与应用数学的选考科目要求？,山东省考生对数学和应用数学的选修科目有什么要求？,1
海南省考生报考数学与应用数学的选考科目要求？,海南省考生对数学和应用数学的选修科目有什么要求？,1
北京市考生报考音乐表演的选考科目要求？,北京考生申请音乐表演的选修科目有哪些要求？,1
天津市考生报考音乐表演的选考科目要求？,天津考生报考音乐表演的选修科目有哪些要求？,1
上海市考生报考音乐表演的选考科目要求？,上海考生申请音乐表演的选修科目要求是什么？,1
浙江省考生报考音乐表演的选考科目要求？,浙江省考生申请音乐表演的选修科目要求是什么？,1
山东省考生报考音乐表演的选考科目要求？,山东考生报考音乐表演的选修科目有哪些要求？,1
海南省考生报考音乐表演的选考科目要求？,海南省考生申请音乐表演选修科目有哪些要求？,1
北京市考生报考人工智能的选考科目要求？,北京考生对人工智能选修科目的要求是什么？,1
天津市考生报考人工智能的选考科目要求？,天津考生对人工智能选修科目有哪些要求？,1
上海市考生报考人工智能的选考科目要求？,上海考生对人工智能选修科目的要求是什么？,1
浙江省考生报考人工智能的选考科目要求？,浙江省考生对人工智能选修科目的要求是什么？,1
山东省考生报考人工智能的选考科目要求？,山东省考生对人工智能选修科目有哪些要求？,1
海南省考生报考人工智能的选考科目要求？,海南省考生对人工智能选修科目有哪些要求？,1
河北省考生报考工商管理类的选考科目要求？,河北省工商管理专业对考生的选修科目有哪些要求？,1
辽宁省考生报考工商管理类的选考科目要求？,辽宁省的考生申请工商管理专业的选修科目有哪些要求？,1
江苏省考生报考工商管理类的选考科目要求？,江苏省工商管理专业对考生的选修科目有哪些要求？,1
福建省考生报考工商管理类的选考科目要求？,福建省考生报考工商管理专业的要求是什么？,1
湖北省考生报考工商管理类的选考科目要求？,湖北省考生报考工商管理专业的要求是什么？,1
湖南省考生报考工商管理类的选考科目要求？,湖南省考生报考工商管理专业的要求是什么？,1
广东省考生报考工商管理类的选考科目要求？,广东省考生申请工商管理选修科目的要求是什么？,1
重庆省考生报考工商管理类的选考科目要求？,重庆考生申请工商管理选修科目的要求是什么？,1
河北省考生报考新闻传播类的选考科目要求？,河北省考生报考新闻传播专业的要求是什么？,1
辽宁省考生报考新闻传播类的选考科目要求？,辽宁省考生报考新闻传播专业的要求是什么？,1
江苏省考生报考新闻传播类的选考科目要求？,江苏省报考新闻传播专业的考生对选修科目有什么要求？,1
福建省考生报考新闻传播类的选考科目要求？,福建省考生报考新闻传播专业的要求是什么？,1
湖北省考生报考新闻传播类的选考科目要求？,湖北省考生报考新闻传播专业的要求是什么？,1
湖南省考生报考新闻传播类的选考科目要求？,湖南省考生报考新闻传播专业的要求是什么？,1
广东省考生报考新闻传播类的选考科目要求？,广东省考生报考新闻传播专业的要求是什么？,1
重庆省考生报考新闻传播类的选考科目要求？,重庆报考新闻传播专业的考生对所选科目有什么要求？,1
河北省考生报考外国语言文学的选考科目要求？,河北省外语文学专业对考生的选修科目有什么要求？,0
辽宁省考生报考外国语言文学的选考科目要求？,辽宁省外语文学专业对考生的选修科目有什么要求？,0
江苏省考生报考外国语言文学的选考科目要求？,江苏省外语文学专业对考生的选修科目有什么要求？,0
福建省考生报考外国语言文学的选考科目要求？,福建省外语文学专业对考生有什么要求？,0
湖北省考生报考外国语言文学的选考科目要求？,湖北省外语文学专业对考生有什么要求？,0
湖南省考生报考外国语言文学的选考科目要求？,湖南省外语文学专业对考生有什么要求？,0
广东省考生报考外国语言文学的选考科目要求？,广东省考生对外语文学选修科目有什么要求？,1
重庆省考生报考外国语言文学的选考科目要求？,重庆对考生的外语和文学选修课有什么要求？,1
河北省考生报考计算机类的选考科目要求？,河北省考生申请计算机课程有哪些要求？,1
辽宁省考生报考计算机类的选考科目要求？,辽宁省考生申请计算机课程有哪些要求？,1
江苏省考生报考计算机类的选考科目要求？,江苏省考生申请计算机课程有哪些要求？,1
福建省考生报考计算机类的选考科目要求？,福建省考生申请计算机课程有哪些要求？,1
湖北省考生报考计算机类的选考科目要求？,湖北省考生申请计算机课程有哪些要求？,1
湖南省考生报考计算机类的选考科目要求？,湖南省考生申请计算机课程有哪些要求？,1
广东省考生报考计算机类的选考科目要求？,广东省考生申请计算机课程有哪些要求？,1
重庆省考生报考计算机类的选考科目要求？,重庆考生申请计算机课程的要求是什么？,1
河北省考生报考会计学的选考科目要求？,河北省会计学考生的选修科目要求是什么？,1
辽宁省考生报考会计学的选考科目要求？,辽宁省会计学考生对选修科目有什么要求？,1
江苏省考生报考会计学的选考科目要求？,江苏省会计专业考生对选修科目有哪些要求？,1
福建省考生报考会计学的选考科目要求？,福建省会计学考生的选修科目要求是什么？,1
湖北省考生报考会计学的选考科目要求？,湖北省会计学考生的选修科目要求是什么？,1
湖南省考生报考会计学的选考科目要求？,湖南省会计学考生的选修科目要求是什么？,1
广东省考生报考会计学的选考科目要求？,广东省会计学考生对选修科目有什么要求？,1
重庆省考生报考会计学的选考科目要求？,重庆考生对会计学选修科目有哪些要求？,1
河北省考生报考经济学的选考科目要求？,河北省考生对经济学选修科目有什么要求？,1
辽宁省考生报考经济学的选考科目要求？,辽宁省考生对经济学选修科目有哪些要求？,1
江苏省考生报考经济学的选考科目要求？,江苏省考生对经济学选修科目有哪些要求？,1
福建省考生报考经济学的选考科目要求？,福建省考生对经济学选修科目有什么要求？,1
湖北省考生报考经济学的选考科目要求？,湖北省考生对经济学选修科目有哪些要求？,1
湖南省考生报考经济学的选考科目要求？,湖南省考生对经济学选修科目有哪些要求？,1
广东省考生报考经济学的选考科目要求？,广东省考生对经济学选修科目有什么要求？,1
重庆省考生报考经济学的选考科目要求？,重庆考生对经济学选修科目的要求是什么？,1
河北省考生报考社会学的选考科目要求？,河北省考生对社会学选修科目有哪些要求？,1
辽宁省考生报考社会学的选考科目要求？,辽宁省考生对社会学选修科目有哪些要求？,1
江苏省考生报考社会学的选考科目要求？,江苏省考生对社会学选修科目有哪些要求？,1
福建省考生报考社会学的选考科目要求？,福建省考生对社会学选修科目有哪些要求？,1
湖北省考生报考社会学的选考科目要求？,湖北省考生对社会学选修科目有哪些要求？,1
湖南省考生报考社会学的选考科目要求？,湖南省考生对社会学选修科目有哪些要求？,1
广东省考生报考社会学的选考科目要求？,广东省考生对社会学选修科目有哪些要求？,1
重庆省考生报考社会学的选考科目要求？,重庆考生对社会学选修科目有哪些要求？,1
河北省考生报考应用心理学的选考科目要求？,河北省考生对应用心理学选修科目的要求是什么？,1
辽宁省考生报考应用心理学的选考科目要求？,辽宁省考生对应用心理学选修科目有什么要求？,1
江苏省考生报考应用心理学的选考科目要求？,江苏省考生对应用心理学选修科目有什么要求？,1
福建省考生报考应用心理学的选考科目要求？,福建省考生对应用心理学选修科目有什么要求？,1
湖北省考生报考应用心理学的选考科目要求？,湖北省考生对应用心理学选修科目有什么要求？,1
湖南省考生报考应用心理学的选考科目要求？,湖南省考生对应用心理学的选修科目有什么要求？,1
广东省考生报考应用心理学的选考科目要求？,广东省考生对应用心理学选修科目有什么要求？,1
重庆省考生报考应用心理学的选考科目要求？,重庆考生对应用心理学的选修科目有什么要求？,1
河北省考生报考食品科学与工程的选考科目要求？,河北省食品科学与工程专业对考生的选修科目有什么要求？,0
辽宁省考生报考食品科学与工程的选考科目要求？,辽宁省食品科学与工程专业对考生的选修科目有哪些要求？,0
江苏省考生报考食品科学与工程的选考科目要求？,江苏省对食品科学与工程专业的选修科目有什么要求？,0
福建省考生报考食品科学与工程的选考科目要求？,福建省对食品科学与工程专业的考生有什么要求？,0
湖北省考生报考食品科学与工程的选考科目要求？,湖北省对食品科学与工程专业的考生有什么要求？,0
湖南省考生报考食品科学与工程的选考科目要求？,湖南省对食品科学与工程专业的考生有什么要求？,0
广东省考生报考食品科学与工程的选考科目要求？,广东省对食品科学与工程专业的选修科目有什么要求？,0
重庆省考生报考食品科学与工程的选考科目要求？,重庆对食品科学与工程专业的考生有什么要求？,0
河北省考生报考环境科学的选考科目要求？,河北省对环境科学选修科目的要求是什么？,0
辽宁省考生报考环境科学的选考科目要求？,辽宁省对环境科学选修科目的要求是什么？,0
江苏省考生报考环境科学的选考科目要求？,江苏省对环境科学选修科目的要求是什么？,0
福建省考生报考环境科学的选考科目要求？,福建省对环境科学选修科目的要求是什么？,0
湖北省考生报考环境科学的选考科目要求？,湖北省对环境科学选修科目的要求是什么？,0
湖南省考生报考环境科学的选考科目要求？,湖南省对环境科学选修科目的要求是什么？,0
广东省考生报考环境科学的选考科目要求？,广东省对环境科学选修科目的要求是什么？,0
重庆省考生报考环境科学的选考科目要求？,重庆市对环境科学选修科目的要求是什么？,0
河北省考生报考统计学的选考科目要求？,河北省考生对统计选修科目有什么要求？,1
辽宁省考生报考统计学的选考科目要求？,辽宁省考生对统计选修科目有哪些要求？,1
江苏省考生报考统计学的选考科目要求？,江苏省考生对统计选修科目有哪些要求？,1
福建省考生报考统计学的选考科目要求？,福建省考生对统计选修科目有什么要求？,1
湖北省考生报考统计学的选考科目要求？,湖北省考生对统计选修科目有什么要求？,1
湖南省考生报考统计学的选考科目要求？,湖南省考生对统计选修科目有哪些要求？,1
广东省考生报考统计学的选考科目要求？,广东省考生对统计选修科目有什么要求？,1
重庆省考生报考统计学的选考科目要求？,重庆考生对统计选修科目有什么要求？,1
河北省考生报考金融数学的选考科目要求？,河北省对金融数学选修科目的要求是什么？,0
辽宁省考生报考金融数学的选考科目要求？,辽宁省考生对金融数学选修科目的要求是什么？,1
江苏省考生报考金融数学的选考科目要求？,江苏省对金融数学选修科目的要求是什么？,0
福建省考生报考金融数学的选考科目要求？,福建省考生对金融数学选修科目的要求是什么？,1
湖北省考生报考金融数学的选考科目要求？,湖北省对金融数学选修科目的要求是什么？,0
湖南省考生报考金融数学的选考科目要求？,湖南省考生对金融数学选修科目的要求是什么？,1
广东省考生报考金融数学的选考科目要求？,广东省考生对金融数学选修科目的要求是什么？,1
重庆省考生报考金融数学的选考科目要求？,重庆考生对金融数学选修科目的要求是什么？,1
河北省考生报考数学与应用数学的选考科目要求？,河北省考生对数学和应用数学的选修科目有什么要求？,1
辽宁省考生报考数学与应用数学的选考科目要求？,辽宁省考生对数学和应用数学的选修科目有什么要求？,1
江苏省考生报考数学与应用数学的选考科目要求？,江苏省考生对数学和应用数学的选修科目有什么要求？,1
福建省考生报考数学与应用数学的选考科目要求？,福建省考生对数学和应用数学的选修科目有什么要求？,1
湖北省考生报考数学与应用数学的选考科目要求？,湖北省考生对数学和应用数学的选修科目有什么要求？,1
湖南省考生报考数学与应用数学的选考科目要求？,湖南省考生对数学和应用数学的选修科目有什么要求？,1
广东省考生报考数学与应用数学的选考科目要求？,广东省考生对数学和应用数学的选修科目有什么要求？,1
重庆省考生报考数学与应用数学的选考科目要求？,重庆考生对数学和应用数学的选修科目有什么要求？,1
河北省考生报考音乐表演的选考科目要求？,河北考生报考音乐表演的选修科目有哪些要求？,1
辽宁省考生报考音乐表演的选考科目要求？,辽宁省考生申请音乐表演选修科目有哪些要求？,1
江苏省考生报考音乐表演的选考科目要求？,江苏省考生申请音乐表演的选修科目要求是什么？,1
福建省考生报考音乐表演的选考科目要求？,福建省考生申请音乐表演选修科目的要求是什么？,1
湖北省考生报考音乐表演的选考科目要求？,湖北省考生申请音乐表演的选修科目要求是什么？,1
湖南省考生报考音乐表演的选考科目要求？,湖南考生报考音乐表演的选修科目有哪些要求？,1
广东省考生报考音乐表演的选考科目要求？,广东省考生申请音乐表演选修科目的要求是什么？,1
重庆省考生报考音乐表演的选考科目要求？,重庆考生报考音乐表演的选修科目有哪些要求？,1
河北省考生报考人工智能的选考科目要求？,河北省对人工智能选修科目的要求是什么？,0
辽宁省考生报考人工智能的选考科目要求？,辽宁省考生申请人工智能的要求是什么？,1
江苏省考生报考人工智能的选考科目要求？,江苏省对人工智能选修科目的要求是什么？,0
福建省考生报考人工智能的选考科目要求？,福建省考生对人工智能选修科目的要求是什么？,1
湖北省考生报考人工智能的选考科目要求？,湖北省考生对人工智能选修科目有哪些要求？,1
湖南省考生报考人工智能的选考科目要求？,湖南省对人工智能选修科目的要求是什么？,0
广东省考生报考人工智能的选考科目要求？,广东省考生对人工智能选修科目有哪些要求？,1
重庆省考生报考人工智能的选考科目要求？,重庆考生申请人工智能的要求是什么？,1
就读UIC的相关费用有哪些？,在UIC学习的相关费用是多少？,1
就读UIC的学费是多少？,UIC的学费是多少？,1
UIC设有哪些入学奖学金？,UIC提供什么入学奖学金？,1
UIC设有哪些奖助学金？,UIC提供什么奖学金？,1
提供哪些小语种可以学习？,可以学习哪些语言？,1
辅修专业有单独证书吗？,辅修专业有单独的证书吗？,1
2022年非高考改革省份有哪些？,2022年的非高考改革省份有哪些？,1
2022年“3+3”新高考改革省市有？,2022年，有没有省市将改革“3+3”新高考？,1
2022年“3+1+2”新高考改革省市有？,2022年，有没有省市会改革“3+1+2”的新高考？,1
UIC的办学性质是什么？,北师港浸大的办学性质是什么？,1
学校现在有多少在校生？,北师港浸大现在有多少学生？,1
UIC的全称是什么？,北师港浸大的全名是什么？,1
北师港浸大的全称是什么？,北师港浸大的完整校名是什么？,1
简单介绍一下UIC,UIC是什么？,1
UIC办学定位是什么？,UIC致力于办成一所什么样的大学？,1
UIC的办学层次是什么？,UIC的学生组成部分包括？,1
UIC的办学层次是什么？,UIC提供哪些学位？,1
UIC的专业有什么？,在UIC可以修那些方向的课程？,1
UIC统招本科生颁发何种毕业证书？,UIC海本本科生毕业能拿到什么样的证书？,0
UIC颁发的香港浸会大学的学士学位证为什么有“荣誉”二字？,如何能拿到含有“荣誉”的学士学位证书？,1
UIC的教育模式是怎样的？,UIC具有那些通识课程？,1
苑舍的情况怎么样?,UIC宿舍的情况？,1
什么是导师关顾计划？,什么是MCP？,1
本科招生热线是什么？,本科招生电话是什么？,1
学校对大一新生提供哪些辅导及个人成长帮助?,作为UIC大一的学生，我在哪里可以得到帮助？,1
我可以在UIC学习中国文化吗？,UIC有哪些学习中国文化的课程？,1
UIC的全称是什么？,北师港浸大的全称是什么？,0
UIC的教育模式是怎样的？,博雅教育是什么？,0
应届生学业水平合格性考试成绩计算例子？,往届生学业水平合格性考试成绩计算例子？,0
